rank,score,kind,split,frame,box,note,verdict,reviewer
1,0.8784,class_conflict,val,SCTD__000154,0.50895 0.39235 0.94183 0.55533,model says plane @ 0.39,,
2,0.7,orphan_label,train,AI4SHIPWRECKS__DM_Wilson_03__x1088_y3360,0.01172 0.90703 0.02344 0.03281,no prediction of this class overlaps the box,,
3,0.7,orphan_label,train,AI4SHIPWRECKS__DM_Wilson_03__x1088_y3840,0.01172 0.15703 0.02344 0.03281,no prediction of this class overlaps the box,,
4,0.7,orphan_label,train,AI4SHIPWRECKS__DM_Wilson_04__x1088_y1440,0.50156 0.46484 0.02500 0.02656,no prediction of this class overlaps the box,,
5,0.7,orphan_label,train,AI4SHIPWRECKS__DM_Wilson_04__x960_y1440,0.70156 0.46484 0.02500 0.02656,no prediction of this class overlaps the box,,
6,0.7,orphan_label,train,AI4SHIPWRECKS__DM_Wilson_08__x1088_y1440,0.92188 0.52344 0.01875 0.03125,no prediction of this class overlaps the box,,
7,0.7,orphan_label,train,AI4SHIPWRECKS__DM_Wilson_08__x1088_y480,0.32344 0.57812 0.11250 0.11250,no prediction of this class overlaps the box,,
8,0.7,orphan_label,train,AI4SHIPWRECKS__DM_Wilson_08__x1088_y480,0.73828 0.92266 0.10156 0.02344,no prediction of this class overlaps the box,,
9,0.7,orphan_label,train,AI4SHIPWRECKS__DM_Wilson_08__x1088_y960,0.39062 0.31953 0.02187 0.05469,no prediction of this class overlaps the box,,
10,0.7,orphan_label,train,AI4SHIPWRECKS__DM_Wilson_08__x960_y480,0.52344 0.57812 0.11250 0.11250,no prediction of this class overlaps the box,,
11,0.7,orphan_label,train,AI4SHIPWRECKS__DM_Wilson_08__x960_y960,0.59062 0.31953 0.02187 0.05469,no prediction of this class overlaps the box,,
12,0.7,orphan_label,train,AI4SHIPWRECKS__DM_Wilson_09__x0_y0,0.44062 0.12969 0.38125 0.16875,no prediction of this class overlaps the box,,
13,0.7,orphan_label,train,AI4SHIPWRECKS__DM_Wilson_09__x1088_y1440,0.73750 0.01250 0.12187 0.02500,no prediction of this class overlaps the box,,
14,0.7,orphan_label,train,AI4SHIPWRECKS__DM_Wilson_09__x1088_y1440,0.34375 0.52891 0.03125 0.04844,no prediction of this class overlaps the box,,
15,0.7,orphan_label,train,AI4SHIPWRECKS__DM_Wilson_09__x1088_y1920,0.71250 0.02422 0.11875 0.04844,no prediction of this class overlaps the box,,
16,0.7,orphan_label,train,AI4SHIPWRECKS__DM_Wilson_09__x960_y1440,0.93750 0.01250 0.12187 0.02500,no prediction of this class overlaps the box,,
17,0.7,orphan_label,train,AI4SHIPWRECKS__DM_Wilson_09__x960_y1440,0.54375 0.52891 0.03125 0.04844,no prediction of this class overlaps the box,,
18,0.7,orphan_label,train,AI4SHIPWRECKS__DM_Wilson_09__x960_y1920,0.91250 0.02422 0.11875 0.04844,no prediction of this class overlaps the box,,
19,0.7,orphan_label,train,AI4SHIPWRECKS__DM_Wilson_11__x1088_y960,0.13594 0.05000 0.27187 0.10000,no prediction of this class overlaps the box,,
20,0.7,orphan_label,train,AI4SHIPWRECKS__DM_Wilson_11__x1088_y960,0.95000 0.59922 0.10000 0.02344,no prediction of this class overlaps the box,,
21,0.7,orphan_label,train,AI4SHIPWRECKS__DM_Wilson_11__x480_y960,0.78750 0.21328 0.32500 0.25781,no prediction of this class overlaps the box,,
22,0.7,orphan_label,train,AI4SHIPWRECKS__DM_Wilson_11__x960_y480,0.32578 0.78906 0.29219 0.12187,no prediction of this class overlaps the box,,
23,0.7,orphan_label,train,AI4SHIPWRECKS__DM_Wilson_11__x960_y960,0.32578 0.05000 0.29219 0.10000,no prediction of this class overlaps the box,,
24,0.7,orphan_label,train,AI4SHIPWRECKS__DM_Wilson_11__x960_y960,0.10000 0.21328 0.20000 0.25781,no prediction of this class overlaps the box,,
25,0.7,orphan_label,train,AI4SHIPWRECKS__DM_Wilson_13__x1088_y480,0.86953 0.93281 0.08906 0.06563,no prediction of this class overlaps the box,,
26,0.7,orphan_label,train,AI4SHIPWRECKS__DM_Wilson_13__x1088_y480,0.66328 0.94844 0.06719 0.04063,no prediction of this class overlaps the box,,
27,0.7,orphan_label,train,AI4SHIPWRECKS__DM_Wilson_13__x960_y480,0.86328 0.94844 0.06719 0.04063,no prediction of this class overlaps the box,,
28,0.7,orphan_label,train,AI4SHIPWRECKS__DM_Wilson_14__x1088_y960,0.32969 0.96953 0.06563 0.06094,no prediction of this class overlaps the box,,
29,0.7,orphan_label,train,AI4SHIPWRECKS__DM_Wilson_14__x960_y960,0.52969 0.96953 0.06563 0.06094,no prediction of this class overlaps the box,,
30,0.7,orphan_label,train,AI4SHIPWRECKS__DM_Wilson_15__x0_y480,0.68672 0.30234 0.05156 0.07656,no prediction of this class overlaps the box,,
31,0.7,orphan_label,train,AI4SHIPWRECKS__DM_Wilson_15__x1088_y0,0.64531 0.58359 0.03125 0.02969,no prediction of this class overlaps the box,,
32,0.7,orphan_label,train,AI4SHIPWRECKS__DM_Wilson_15__x960_y0,0.71953 0.17031 0.02344 0.03438,no prediction of this class overlaps the box,,
33,0.7,orphan_label,train,AI4SHIPWRECKS__DM_Wilson_15__x960_y0,0.84531 0.58359 0.03125 0.02969,no prediction of this class overlaps the box,,
34,0.7,orphan_label,train,AI4SHIPWRECKS__DR_Hanna_03__x1088_y960,0.03359 0.50313 0.06406 0.08125,no prediction of this class overlaps the box,,
35,0.7,orphan_label,train,AI4SHIPWRECKS__DR_Hanna_03__x480_y960,0.97578 0.50313 0.04844 0.08125,no prediction of this class overlaps the box,,
36,0.7,orphan_label,train,AI4SHIPWRECKS__DR_Hanna_03__x960_y960,0.23359 0.50313 0.06406 0.08125,no prediction of this class overlaps the box,,
37,0.7,orphan_label,train,AI4SHIPWRECKS__EB_Allen_06__x480_y480,0.01250 0.96016 0.02500 0.07969,no prediction of this class overlaps the box,,
38,0.7,orphan_label,train,AI4SHIPWRECKS__EB_Allen_07__x0_y0,0.65391 0.76016 0.04219 0.05781,no prediction of this class overlaps the box,,
39,0.7,orphan_label,train,AI4SHIPWRECKS__EB_Allen_07__x0_y480,0.65391 0.01953 0.04219 0.03906,no prediction of this class overlaps the box,,
40,0.7,orphan_label,train,AI4SHIPWRECKS__EB_Allen_21__x1088_y480,0.93594 0.17578 0.02187 0.08906,no prediction of this class overlaps the box,,
41,0.7,orphan_label,train,AI4SHIPWRECKS__Egyptian_04__x0_y1543,0.11094 0.66172 0.02500 0.02031,no prediction of this class overlaps the box,,
42,0.7,orphan_label,train,AI4SHIPWRECKS__Egyptian_05__x1088_y0,0.75078 0.36719 0.01719 0.03438,no prediction of this class overlaps the box,,
43,0.7,orphan_label,train,AI4SHIPWRECKS__Egyptian_05__x960_y0,0.92812 0.36875 0.01562 0.03750,no prediction of this class overlaps the box,,
44,0.7,orphan_label,train,AI4SHIPWRECKS__Egyptian_05__x960_y0,0.95078 0.36719 0.01719 0.03438,no prediction of this class overlaps the box,,
45,0.7,orphan_label,train,AI4SHIPWRECKS__Egyptian_08__x480_y0,0.03906 0.41094 0.01875 0.01875,no prediction of this class overlaps the box,,
46,0.7,orphan_label,train,AI4SHIPWRECKS__Egyptian_09__x960_y480,0.99062 0.65234 0.01875 0.02344,no prediction of this class overlaps the box,,
47,0.7,orphan_label,train,AI4SHIPWRECKS__Egyptian_09__x960_y480,0.70234 0.71406 0.02031 0.02187,no prediction of this class overlaps the box,,
48,0.7,orphan_label,train,AI4SHIPWRECKS__Egyptian_09__x960_y630,0.99062 0.41797 0.01875 0.02344,no prediction of this class overlaps the box,,
49,0.7,orphan_label,train,AI4SHIPWRECKS__Egyptian_10__x0_y0,0.36875 0.87578 0.03438 0.03594,no prediction of this class overlaps the box,,
50,0.7,orphan_label,train,AI4SHIPWRECKS__Egyptian_10__x0_y0,0.49062 0.97422 0.03438 0.02656,no prediction of this class overlaps the box,,
51,0.7,orphan_label,train,AI4SHIPWRECKS__Egyptian_10__x0_y0,0.25234 0.98516 0.01719 0.01719,no prediction of this class overlaps the box,,
52,0.7,orphan_label,train,AI4SHIPWRECKS__Egyptian_10__x0_y480,0.25234 0.23516 0.01719 0.01719,no prediction of this class overlaps the box,,
53,0.7,orphan_label,train,AI4SHIPWRECKS__Egyptian_10__x0_y620,0.25234 0.01641 0.01719 0.01719,no prediction of this class overlaps the box,,
54,0.7,orphan_label,train,AI4SHIPWRECKS__Egyptian_11__x1088_y621,0.85938 0.12344 0.01875 0.03125,no prediction of this class overlaps the box,,
55,0.7,orphan_label,train,AI4SHIPWRECKS__Egyptian_11__x1088_y621,0.44375 0.13516 0.02813 0.02031,no prediction of this class overlaps the box,,
56,0.7,orphan_label,train,AI4SHIPWRECKS__Egyptian_11__x960_y621,0.64375 0.13516 0.02813 0.02031,no prediction of this class overlaps the box,,
57,0.7,orphan_label,train,AI4SHIPWRECKS__Egyptian_12__x0_y480,0.55625 0.37266 0.01562 0.02031,no prediction of this class overlaps the box,,
58,0.7,orphan_label,train,AI4SHIPWRECKS__Egyptian_12__x0_y480,0.67656 0.61953 0.04375 0.02969,no prediction of this class overlaps the box,,
59,0.7,orphan_label,train,AI4SHIPWRECKS__Egyptian_12__x0_y480,0.78750 0.78438 0.01875 0.03125,no prediction of this class overlaps the box,,
60,0.7,orphan_label,train,AI4SHIPWRECKS__Egyptian_12__x0_y622,0.55625 0.15078 0.01562 0.02031,no prediction of this class overlaps the box,,
61,0.7,orphan_label,train,AI4SHIPWRECKS__Egyptian_12__x0_y622,0.67656 0.39766 0.04375 0.02969,no prediction of this class overlaps the box,,
62,0.7,orphan_label,train,AI4SHIPWRECKS__Egyptian_12__x0_y622,0.78750 0.56250 0.01875 0.03125,no prediction of this class overlaps the box,,
63,0.7,orphan_label,train,AI4SHIPWRECKS__Egyptian_12__x480_y480,0.01484 0.41094 0.01719 0.03438,no prediction of this class overlaps the box,,
64,0.7,orphan_label,train,AI4SHIPWRECKS__Egyptian_12__x480_y480,0.01719 0.73828 0.03438 0.04531,no prediction of this class overlaps the box,,
65,0.7,orphan_label,train,AI4SHIPWRECKS__Egyptian_12__x480_y480,0.03750 0.78438 0.01875 0.03125,no prediction of this class overlaps the box,,
66,0.7,orphan_label,train,AI4SHIPWRECKS__Egyptian_12__x480_y622,0.01484 0.18906 0.01719 0.03438,no prediction of this class overlaps the box,,
67,0.7,orphan_label,train,AI4SHIPWRECKS__Egyptian_12__x480_y622,0.01719 0.51641 0.03438 0.04531,no prediction of this class overlaps the box,,
68,0.7,orphan_label,train,AI4SHIPWRECKS__Egyptian_12__x480_y622,0.03750 0.56250 0.01875 0.03125,no prediction of this class overlaps the box,,
69,0.7,orphan_label,train,AI4SHIPWRECKS__Egyptian_13__x1088_y480,0.39609 0.12812 0.02031 0.02500,no prediction of this class overlaps the box,,
70,0.7,orphan_label,train,AI4SHIPWRECKS__Egyptian_13__x960_y480,0.59609 0.12812 0.02031 0.02500,no prediction of this class overlaps the box,,
71,0.7,orphan_label,train,AI4SHIPWRECKS__Heart_Failure_03__x480_y0,0.39766 0.44688 0.02344 0.06875,no prediction of this class overlaps the box,,
72,0.7,orphan_label,train,AI4SHIPWRECKS__Heart_Failure_03__x480_y0,0.67188 0.48047 0.01562 0.05781,no prediction of this class overlaps the box,,
73,0.7,orphan_label,train,AI4SHIPWRECKS__Heart_Failure_03__x480_y0,0.43438 0.61641 0.14062 0.04531,no prediction of this class overlaps the box,,
74,0.7,orphan_label,train,AI4SHIPWRECKS__Heart_Failure_03__x480_y233,0.39766 0.08281 0.02344 0.06875,no prediction of this class overlaps the box,,
75,0.7,orphan_label,train,AI4SHIPWRECKS__Heart_Failure_03__x480_y233,0.67188 0.11641 0.01562 0.05781,no prediction of this class overlaps the box,,
76,0.7,orphan_label,train,AI4SHIPWRECKS__Heart_Failure_03__x480_y233,0.72813 0.23828 0.06563 0.10781,no prediction of this class overlaps the box,,
77,0.7,orphan_label,train,AI4SHIPWRECKS__Heart_Failure_03__x480_y233,0.43438 0.25234 0.14062 0.04531,no prediction of this class overlaps the box,,
78,0.7,orphan_label,train,AI4SHIPWRECKS__Heart_Failure_03__x480_y233,0.43516 0.34531 0.22344 0.17188,no prediction of this class overlaps the box,,
79,0.7,orphan_label,train,AI4SHIPWRECKS__Heart_Failure_03__x960_y233,0.03359 0.32969 0.06719 0.08125,no prediction of this class overlaps the box,,
80,0.7,orphan_label,train,AI4SHIPWRECKS__Heart_Failure_07__x0_y480,0.88281 0.33984 0.23438 0.07656,no prediction of this class overlaps the box,,
81,0.7,orphan_label,train,AI4SHIPWRECKS__Heart_Failure_07__x480_y0,0.33984 0.39687 0.05469 0.03125,no prediction of this class overlaps the box,,
82,0.7,orphan_label,train,AI4SHIPWRECKS__Heart_Failure_07__x480_y480,0.26094 0.33984 0.49062 0.07656,no prediction of this class overlaps the box,,
83,0.7,orphan_label,train,AI4SHIPWRECKS__Heart_Failure_10__x0_y480,0.88203 0.66250 0.23594 0.14375,no prediction of this class overlaps the box,,
84,0.7,orphan_label,train,AI4SHIPWRECKS__Heart_Failure_10__x0_y480,0.94297 0.80469 0.11406 0.16250,no prediction of this class overlaps the box,,
85,0.7,orphan_label,train,AI4SHIPWRECKS__Heart_Failure_10__x0_y960,0.94297 0.06797 0.11406 0.13594,no prediction of this class overlaps the box,,
86,0.7,orphan_label,train,AI4SHIPWRECKS__Heart_Failure_10__x480_y1263,0.48828 0.02500 0.02969 0.03125,no prediction of this class overlaps the box,,
87,0.7,orphan_label,train,AI4SHIPWRECKS__Heart_Failure_10__x480_y480,0.13828 0.66250 0.24844 0.14375,no prediction of this class overlaps the box,,
88,0.7,orphan_label,train,AI4SHIPWRECKS__Heart_Failure_10__x480_y480,0.20703 0.80469 0.14219 0.16250,no prediction of this class overlaps the box,,
89,0.7,orphan_label,train,AI4SHIPWRECKS__Heart_Failure_10__x480_y960,0.20703 0.06797 0.14219 0.13594,no prediction of this class overlaps the box,,
90,0.7,orphan_label,train,AI4SHIPWRECKS__Heart_Failure_10__x480_y960,0.48359 0.43125 0.04219 0.10312,no prediction of this class overlaps the box,,
91,0.7,orphan_label,train,AI4SHIPWRECKS__Heart_Failure_10__x480_y960,0.43125 0.46328 0.04063 0.05156,no prediction of this class overlaps the box,,
92,0.7,orphan_label,train,AI4SHIPWRECKS__Heart_Failure_10__x480_y960,0.48828 0.49844 0.02969 0.03125,no prediction of this class overlaps the box,,
93,0.7,orphan_label,train,AI4SHIPWRECKS__Isaac_M_Scott_02__x0_y480,0.87578 0.96562 0.24844 0.06875,no prediction of this class overlaps the box,,
94,0.7,orphan_label,train,AI4SHIPWRECKS__Near_Shore_02__x0_y480,0.28906 0.59219 0.05000 0.07500,no prediction of this class overlaps the box,,
95,0.7,orphan_label,train,AI4SHIPWRECKS__Near_Shore_02__x0_y7200,0.81250 0.49062 0.02500 0.01875,no prediction of this class overlaps the box,,
96,0.7,orphan_label,train,AI4SHIPWRECKS__Near_Shore_02__x0_y7200,0.89297 0.71719 0.02031 0.01875,no prediction of this class overlaps the box,,
97,0.7,orphan_label,train,AI4SHIPWRECKS__Near_Shore_02__x1088_y6720,0.38203 0.80078 0.02031 0.01719,no prediction of this class overlaps the box,,
98,0.7,orphan_label,train,AI4SHIPWRECKS__Near_Shore_02__x1088_y7200,0.38203 0.05078 0.02031 0.01719,no prediction of this class overlaps the box,,
99,0.7,orphan_label,train,AI4SHIPWRECKS__Near_Shore_02__x480_y7200,0.06250 0.49062 0.02500 0.01875,no prediction of this class overlaps the box,,
100,0.7,orphan_label,train,AI4SHIPWRECKS__Near_Shore_02__x480_y7200,0.14297 0.71719 0.02031 0.01875,no prediction of this class overlaps the box,,
101,0.7,orphan_label,train,AI4SHIPWRECKS__Near_Shore_02__x960_y6720,0.58203 0.80078 0.02031 0.01719,no prediction of this class overlaps the box,,
102,0.7,orphan_label,train,AI4SHIPWRECKS__Near_Shore_02__x960_y7200,0.58203 0.05078 0.02031 0.01719,no prediction of this class overlaps the box,,
103,0.7,orphan_label,train,AI4SHIPWRECKS__Near_Shore_04__x0_y2880,0.03047 0.88438 0.05781 0.21875,no prediction of this class overlaps the box,,
104,0.7,orphan_label,train,AI4SHIPWRECKS__Near_Shore_04__x0_y3360,0.23906 0.31484 0.01562 0.02031,no prediction of this class overlaps the box,,
105,0.7,orphan_label,train,AI4SHIPWRECKS__Near_Shore_04__x1088_y8640,0.54219 0.70312 0.01875 0.10625,no prediction of this class overlaps the box,,
106,0.7,orphan_label,train,AI4SHIPWRECKS__Near_Shore_04__x1088_y8687,0.54219 0.62969 0.01875 0.10625,no prediction of this class overlaps the box,,
107,0.7,orphan_label,train,AI4SHIPWRECKS__Near_Shore_04__x960_y8640,0.74219 0.70312 0.01875 0.10625,no prediction of this class overlaps the box,,
108,0.7,orphan_label,train,AI4SHIPWRECKS__Near_Shore_04__x960_y8687,0.74219 0.62969 0.01875 0.10625,no prediction of this class overlaps the box,,
109,0.7,orphan_label,train,AI4SHIPWRECKS__Near_Shore_05__x0_y6720,0.66016 0.23203 0.05156 0.07969,no prediction of this class overlaps the box,,
110,0.7,orphan_label,train,AI4SHIPWRECKS__Oscar_T_Flint_03__x1088_y1920,0.72969 0.75000 0.06875 0.02813,no prediction of this class overlaps the box,,
111,0.7,orphan_label,train,AI4SHIPWRECKS__Oscar_T_Flint_10__x0_y480,0.62344 0.61641 0.02187 0.02656,no prediction of this class overlaps the box,,
112,0.7,orphan_label,train,AI4SHIPWRECKS__Oscar_T_Flint_11__x480_y480,0.98047 0.90547 0.03906 0.02969,no prediction of this class overlaps the box,,
113,0.7,orphan_label,train,AI4SHIPWRECKS__Oscar_T_Flint_11__x480_y960,0.98047 0.15547 0.03906 0.02969,no prediction of this class overlaps the box,,
114,0.7,orphan_label,train,AI4SHIPWRECKS__Oscar_T_Flint_12__x1088_y480,0.04766 0.77031 0.07031 0.03438,no prediction of this class overlaps the box,,
115,0.7,orphan_label,train,AI4SHIPWRECKS__Oscar_T_Flint_12__x1088_y960,0.01953 0.79609 0.03906 0.03906,no prediction of this class overlaps the box,,
116,0.7,orphan_label,train,AI4SHIPWRECKS__Oscar_T_Flint_12__x480_y960,0.76719 0.00781 0.05312 0.01562,no prediction of this class overlaps the box,,
117,0.7,orphan_label,train,AI4SHIPWRECKS__Oscar_T_Flint_12__x960_y960,0.01094 0.23750 0.02187 0.04375,no prediction of this class overlaps the box,,
118,0.7,orphan_label,train,AI4SHIPWRECKS__Pewabic_01__x0_y0,0.44609 0.38281 0.06719 0.06875,no prediction of this class overlaps the box,,
119,0.7,orphan_label,train,AI4SHIPWRECKS__Pewabic_01__x0_y1146,0.30469 0.38359 0.05625 0.03594,no prediction of this class overlaps the box,,
120,0.7,orphan_label,train,AI4SHIPWRECKS__Pewabic_01__x0_y1146,0.17109 0.49219 0.05781 0.02500,no prediction of this class overlaps the box,,
121,0.7,orphan_label,train,AI4SHIPWRECKS__Pewabic_01__x0_y960,0.30469 0.67422 0.05625 0.03594,no prediction of this class overlaps the box,,
122,0.7,orphan_label,train,AI4SHIPWRECKS__Pewabic_01__x0_y960,0.17109 0.78281 0.05781 0.02500,no prediction of this class overlaps the box,,
123,0.7,orphan_label,train,AI4SHIPWRECKS__Pewabic_02__x0_y0,0.59922 0.58516 0.04844 0.02969,no prediction of this class overlaps the box,,
124,0.7,orphan_label,train,AI4SHIPWRECKS__Pewabic_02__x1088_y1185,0.65391 0.09688 0.02344 0.01562,no prediction of this class overlaps the box,,
125,0.7,orphan_label,train,AI4SHIPWRECKS__Pewabic_02__x1088_y1185,0.75859 0.13047 0.02344 0.02344,no prediction of this class overlaps the box,,
126,0.7,orphan_label,train,AI4SHIPWRECKS__Pewabic_02__x960_y1185,0.85391 0.09688 0.02344 0.01562,no prediction of this class overlaps the box,,
127,0.7,orphan_label,train,AI4SHIPWRECKS__Pewabic_02__x960_y1185,0.95859 0.13047 0.02344 0.02344,no prediction of this class overlaps the box,,
128,0.7,orphan_label,train,AI4SHIPWRECKS__Pewabic_03__x0_y480,0.23203 0.25625 0.04219 0.02187,no prediction of this class overlaps the box,,
129,0.7,orphan_label,train,AI4SHIPWRECKS__Pewabic_03__x1088_y480,0.17109 0.85703 0.05469 0.04844,no prediction of this class overlaps the box,,
130,0.7,orphan_label,train,AI4SHIPWRECKS__Pewabic_03__x1088_y960,0.17109 0.10703 0.05469 0.04844,no prediction of this class overlaps the box,,
131,0.7,orphan_label,train,AI4SHIPWRECKS__Pewabic_03__x960_y480,0.37109 0.85703 0.05469 0.04844,no prediction of this class overlaps the box,,
132,0.7,orphan_label,train,AI4SHIPWRECKS__Pewabic_03__x960_y480,0.19922 0.93906 0.02344 0.01562,no prediction of this class overlaps the box,,
133,0.7,orphan_label,train,AI4SHIPWRECKS__Pewabic_03__x960_y960,0.37109 0.10703 0.05469 0.04844,no prediction of this class overlaps the box,,
134,0.7,orphan_label,train,AI4SHIPWRECKS__Pewabic_03__x960_y960,0.19922 0.18906 0.02344 0.01562,no prediction of this class overlaps the box,,
135,0.7,orphan_label,train,AI4SHIPWRECKS__WP_Rend_02__x0_y1265,0.06406 0.40391 0.12812 0.08594,no prediction of this class overlaps the box,,
136,0.7,orphan_label,train,AI4SHIPWRECKS__WP_Rend_02__x0_y480,0.35625 0.59531 0.24063 0.08125,no prediction of this class overlaps the box,,
137,0.7,orphan_label,train,AI4SHIPWRECKS__WP_Rend_02__x0_y480,0.98047 0.77578 0.03906 0.07031,no prediction of this class overlaps the box,,
138,0.7,orphan_label,train,AI4SHIPWRECKS__WP_Rend_02__x0_y480,0.85781 0.83672 0.01875 0.05156,no prediction of this class overlaps the box,,
139,0.7,orphan_label,train,AI4SHIPWRECKS__WP_Rend_02__x0_y960,0.29297 0.27031 0.07656 0.08438,no prediction of this class overlaps the box,,
140,0.7,orphan_label,train,AI4SHIPWRECKS__WP_Rend_02__x0_y960,0.06406 0.88047 0.12812 0.08594,no prediction of this class overlaps the box,,
141,0.7,orphan_label,train,AI4SHIPWRECKS__WP_Rend_02__x480_y480,0.34844 0.70625 0.05937 0.04375,no prediction of this class overlaps the box,,
142,0.7,orphan_label,train,AI4SHIPWRECKS__WP_Rend_02__x480_y480,0.23281 0.77578 0.04375 0.07031,no prediction of this class overlaps the box,,
143,0.7,orphan_label,train,AI4SHIPWRECKS__WP_Rend_02__x480_y960,0.23281 0.03047 0.04375 0.06094,no prediction of this class overlaps the box,,
144,0.7,orphan_label,train,AI4SHIPWRECKS__WP_Rend_02__x480_y960,0.39062 0.16406 0.03125 0.04063,no prediction of this class overlaps the box,,
145,0.7,orphan_label,train,AI4SHIPWRECKS__WP_Rend_04__x1088_y480,0.08203 0.55391 0.16406 0.06406,no prediction of this class overlaps the box,,
146,0.7,orphan_label,train,AI4SHIPWRECKS__WP_Rend_04__x1088_y960,0.77500 0.29844 0.02813 0.12812,no prediction of this class overlaps the box,,
147,0.7,orphan_label,train,AI4SHIPWRECKS__WP_Rend_04__x480_y960,0.00781 0.47891 0.01562 0.03906,no prediction of this class overlaps the box,,
148,0.7,orphan_label,train,AI4SHIPWRECKS__WP_Rend_04__x960_y480,0.27344 0.55391 0.18125 0.06406,no prediction of this class overlaps the box,,
149,0.7,orphan_label,train,AI4SHIPWRECKS__WP_Rend_06__x1088_y1257,0.70469 0.03984 0.26250 0.05469,no prediction of this class overlaps the box,,
150,0.7,orphan_label,train,AI4SHIPWRECKS__WP_Rend_06__x1088_y480,0.63438 0.98984 0.06250 0.02031,no prediction of this class overlaps the box,,
151,0.7,orphan_label,train,AI4SHIPWRECKS__WP_Rend_06__x1088_y960,0.68828 0.34766 0.04531 0.04844,no prediction of this class overlaps the box,,
152,0.7,orphan_label,train,AI4SHIPWRECKS__WP_Rend_06__x960_y1257,0.88672 0.03984 0.22656 0.05469,no prediction of this class overlaps the box,,
153,0.7,orphan_label,train,AI4SHIPWRECKS__WP_Rend_06__x960_y480,0.83437 0.98984 0.06250 0.02031,no prediction of this class overlaps the box,,
154,0.7,orphan_label,train,AI4SHIPWRECKS__WP_Rend_06__x960_y960,0.88828 0.34766 0.04531 0.04844,no prediction of this class overlaps the box,,
155,0.7,orphan_label,train,AI4SHIPWRECKS__WP_Rend_07__x0_y1230,0.75234 0.65312 0.30469 0.19375,no prediction of this class overlaps the box,,
156,0.7,orphan_label,train,AI4SHIPWRECKS__WP_Rend_07__x0_y480,0.16406 0.56328 0.32500 0.20469,no prediction of this class overlaps the box,,
157,0.7,orphan_label,train,AI4SHIPWRECKS__WP_Rend_10__x0_y1920,0.88984 0.55781 0.02969 0.08438,no prediction of this class overlaps the box,,
158,0.7,orphan_label,train,AI4SHIPWRECKS__WP_Rend_10__x0_y1920,0.92031 0.58516 0.02813 0.04531,no prediction of this class overlaps the box,,
159,0.7,orphan_label,train,AI4SHIPWRECKS__WP_Rend_10__x0_y1920,0.86562 0.62266 0.02500 0.04531,no prediction of this class overlaps the box,,
160,0.7,orphan_label,train,AI4SHIPWRECKS__WP_Rend_10__x0_y2880,0.81719 0.71797 0.01875 0.02031,no prediction of this class overlaps the box,,
161,0.7,orphan_label,train,AI4SHIPWRECKS__WP_Rend_10__x1088_y1440,0.05078 0.94063 0.08906 0.01875,no prediction of this class overlaps the box,,
162,0.7,orphan_label,train,AI4SHIPWRECKS__WP_Rend_10__x1088_y1920,0.05078 0.19062 0.08906 0.01875,no prediction of this class overlaps the box,,
163,0.7,orphan_label,train,AI4SHIPWRECKS__WP_Rend_10__x1088_y1920,0.06953 0.60625 0.05781 0.02813,no prediction of this class overlaps the box,,
164,0.7,orphan_label,train,AI4SHIPWRECKS__WP_Rend_10__x1088_y1920,0.36328 0.77187 0.04844 0.08125,no prediction of this class overlaps the box,,
165,0.7,orphan_label,train,AI4SHIPWRECKS__WP_Rend_10__x1088_y1920,0.16406 0.91328 0.03750 0.02969,no prediction of this class overlaps the box,,
166,0.7,orphan_label,train,AI4SHIPWRECKS__WP_Rend_10__x1088_y1920,0.05156 0.94766 0.01875 0.02344,no prediction of this class overlaps the box,,
167,0.7,orphan_label,train,AI4SHIPWRECKS__WP_Rend_10__x1088_y1920,0.09531 0.94688 0.01562 0.02500,no prediction of this class overlaps the box,,
168,0.7,orphan_label,train,AI4SHIPWRECKS__WP_Rend_10__x1088_y1920,0.32109 0.97500 0.28594 0.05000,no prediction of this class overlaps the box,,
169,0.7,orphan_label,train,AI4SHIPWRECKS__WP_Rend_10__x1088_y2400,0.36328 0.03125 0.04844 0.06250,no prediction of this class overlaps the box,,
170,0.7,orphan_label,train,AI4SHIPWRECKS__WP_Rend_10__x1088_y2400,0.16406 0.16328 0.03750 0.02969,no prediction of this class overlaps the box,,
171,0.7,orphan_label,train,AI4SHIPWRECKS__WP_Rend_10__x1088_y2400,0.24609 0.72344 0.04219 0.02187,no prediction of this class overlaps the box,,
172,0.7,orphan_label,train,AI4SHIPWRECKS__WP_Rend_10__x1088_y2400,0.10625 0.96328 0.05625 0.01719,no prediction of this class overlaps the box,,
173,0.7,orphan_label,train,AI4SHIPWRECKS__WP_Rend_10__x1088_y2880,0.10625 0.21328 0.05625 0.01719,no prediction of this class overlaps the box,,
174,0.7,orphan_label,train,AI4SHIPWRECKS__WP_Rend_10__x1088_y2880,0.78125 0.67500 0.13125 0.01875,no prediction of this class overlaps the box,,
175,0.7,orphan_label,train,AI4SHIPWRECKS__WP_Rend_10__x480_y1440,0.97813 0.94063 0.04375 0.01875,no prediction of this class overlaps the box,,
176,0.7,orphan_label,train,AI4SHIPWRECKS__WP_Rend_10__x480_y1920,0.97813 0.19062 0.04375 0.01875,no prediction of this class overlaps the box,,
177,0.7,orphan_label,train,AI4SHIPWRECKS__WP_Rend_10__x480_y1920,0.13984 0.55781 0.02969 0.08438,no prediction of this class overlaps the box,,
178,0.7,orphan_label,train,AI4SHIPWRECKS__WP_Rend_10__x480_y1920,0.17031 0.58516 0.02813 0.04531,no prediction of this class overlaps the box,,
179,0.7,orphan_label,train,AI4SHIPWRECKS__WP_Rend_10__x480_y1920,0.11563 0.62266 0.02500 0.04531,no prediction of this class overlaps the box,,
180,0.7,orphan_label,train,AI4SHIPWRECKS__WP_Rend_10__x480_y1920,0.97734 0.84844 0.04531 0.17500,no prediction of this class overlaps the box,,
181,0.7,orphan_label,train,AI4SHIPWRECKS__WP_Rend_10__x480_y1920,0.94063 0.94375 0.01875 0.01562,no prediction of this class overlaps the box,,
182,0.7,orphan_label,train,AI4SHIPWRECKS__WP_Rend_10__x480_y2400,0.97734 0.09844 0.04531 0.17500,no prediction of this class overlaps the box,,
183,0.7,orphan_label,train,AI4SHIPWRECKS__WP_Rend_10__x480_y2400,0.94063 0.19375 0.01875 0.01562,no prediction of this class overlaps the box,,
184,0.7,orphan_label,train,AI4SHIPWRECKS__WP_Rend_10__x480_y2400,0.93125 0.27344 0.13750 0.12187,no prediction of this class overlaps the box,,
185,0.7,orphan_label,train,AI4SHIPWRECKS__WP_Rend_10__x480_y2400,0.81094 0.83828 0.08438 0.07656,no prediction of this class overlaps the box,,
186,0.7,orphan_label,train,AI4SHIPWRECKS__WP_Rend_10__x480_y2880,0.06719 0.71797 0.01875 0.02031,no prediction of this class overlaps the box,,
187,0.7,orphan_label,train,AI4SHIPWRECKS__WP_Rend_10__x960_y1440,0.25078 0.94063 0.08906 0.01875,no prediction of this class overlaps the box,,
188,0.7,orphan_label,train,AI4SHIPWRECKS__WP_Rend_10__x960_y1920,0.25078 0.19062 0.08906 0.01875,no prediction of this class overlaps the box,,
189,0.7,orphan_label,train,AI4SHIPWRECKS__WP_Rend_10__x960_y1920,0.56328 0.77187 0.04844 0.08125,no prediction of this class overlaps the box,,
190,0.7,orphan_label,train,AI4SHIPWRECKS__WP_Rend_10__x960_y1920,0.36406 0.91328 0.03750 0.02969,no prediction of this class overlaps the box,,
191,0.7,orphan_label,train,AI4SHIPWRECKS__WP_Rend_10__x960_y1920,0.19062 0.94375 0.01875 0.01562,no prediction of this class overlaps the box,,
192,0.7,orphan_label,train,AI4SHIPWRECKS__WP_Rend_10__x960_y1920,0.25156 0.94766 0.01875 0.02344,no prediction of this class overlaps the box,,
193,0.7,orphan_label,train,AI4SHIPWRECKS__WP_Rend_10__x960_y1920,0.29531 0.94688 0.01562 0.02500,no prediction of this class overlaps the box,,
194,0.7,orphan_label,train,AI4SHIPWRECKS__WP_Rend_10__x960_y1920,0.52109 0.97500 0.28594 0.05000,no prediction of this class overlaps the box,,
195,0.7,orphan_label,train,AI4SHIPWRECKS__WP_Rend_10__x960_y2400,0.56328 0.03125 0.04844 0.06250,no prediction of this class overlaps the box,,
196,0.7,orphan_label,train,AI4SHIPWRECKS__WP_Rend_10__x960_y2400,0.36406 0.16328 0.03750 0.02969,no prediction of this class overlaps the box,,
197,0.7,orphan_label,train,AI4SHIPWRECKS__WP_Rend_10__x960_y2400,0.19062 0.19375 0.01875 0.01562,no prediction of this class overlaps the box,,
198,0.7,orphan_label,train,AI4SHIPWRECKS__WP_Rend_10__x960_y2400,0.44609 0.72344 0.04219 0.02187,no prediction of this class overlaps the box,,
199,0.7,orphan_label,train,AI4SHIPWRECKS__WP_Rend_10__x960_y2400,0.30625 0.96328 0.05625 0.01719,no prediction of this class overlaps the box,,
200,0.7,orphan_label,train,AI4SHIPWRECKS__WP_Rend_10__x960_y2880,0.06094 0.08828 0.08438 0.07656,no prediction of this class overlaps the box,,
201,0.7,orphan_label,train,AI4SHIPWRECKS__WP_Rend_10__x960_y2880,0.30625 0.21328 0.05625 0.01719,no prediction of this class overlaps the box,,
202,0.7,orphan_label,train,AI4SHIPWRECKS__WP_Rend_10__x960_y2880,0.24141 0.55703 0.17969 0.05156,no prediction of this class overlaps the box,,
203,0.7,orphan_label,train,SCTD__000240,0.55839 0.50272 0.56204 0.28804,no prediction of this class overlaps the box,,
204,0.7,orphan_label,train,SCTD__000270,0.43431 0.51359 0.55475 0.25544,no prediction of this class overlaps the box,,
205,0.7,orphan_label,train,SCTD__000283,0.70156 0.59554 0.05937 0.29936,no prediction of this class overlaps the box,,
206,0.7,orphan_label,train,SCTD__000363,0.12113 0.34098 0.17698 0.11391,no prediction of this class overlaps the box,,
207,0.7,orphan_label,val,AI4SHIPWRECKS__DM_Wilson_10__x0_y480,0.79688 0.93750 0.20938 0.12500,no prediction of this class overlaps the box,,
208,0.7,orphan_label,val,AI4SHIPWRECKS__DM_Wilson_10__x1088_y480,0.90625 0.56875 0.12500 0.04375,no prediction of this class overlaps the box,,
209,0.7,orphan_label,val,AI4SHIPWRECKS__DM_Wilson_10__x1088_y960,0.40078 0.33672 0.08906 0.03594,no prediction of this class overlaps the box,,
210,0.7,orphan_label,val,AI4SHIPWRECKS__DM_Wilson_10__x960_y960,0.60078 0.33672 0.08906 0.03594,no prediction of this class overlaps the box,,
211,0.7,orphan_label,val,AI4SHIPWRECKS__EB_Allen_08__x480_y480,0.83672 0.57109 0.13594 0.77344,no prediction of this class overlaps the box,,
212,0.7,orphan_label,val,AI4SHIPWRECKS__EB_Allen_08__x960_y480,0.08672 0.57109 0.13594 0.77344,no prediction of this class overlaps the box,,
213,0.7,orphan_label,val,AI4SHIPWRECKS__EB_Allen_16__x0_y480,0.08359 0.76250 0.01719 0.04063,no prediction of this class overlaps the box,,
214,0.7,orphan_label,val,AI4SHIPWRECKS__EB_Allen_16__x0_y960,0.08359 0.01641 0.01719 0.03281,no prediction of this class overlaps the box,,
215,0.7,orphan_label,val,AI4SHIPWRECKS__Grecian_03__x1088_y0,0.26484 0.61406 0.05469 0.05625,no prediction of this class overlaps the box,,
216,0.7,orphan_label,val,AI4SHIPWRECKS__Grecian_03__x960_y0,0.46484 0.61406 0.05469 0.05625,no prediction of this class overlaps the box,,
217,0.7,orphan_label,val,AI4SHIPWRECKS__Heart_Failure_08__x0_y1255,0.97656 0.39453 0.04688 0.08906,no prediction of this class overlaps the box,,
218,0.7,orphan_label,val,AI4SHIPWRECKS__Heart_Failure_08__x0_y960,0.83516 0.41641 0.32969 0.09844,no prediction of this class overlaps the box,,
219,0.7,orphan_label,val,AI4SHIPWRECKS__Heart_Failure_08__x0_y960,0.97656 0.85547 0.04688 0.08906,no prediction of this class overlaps the box,,
220,0.7,orphan_label,val,AI4SHIPWRECKS__Heart_Failure_08__x1088_y480,0.03047 0.61953 0.04844 0.06719,no prediction of this class overlaps the box,,
221,0.7,orphan_label,val,AI4SHIPWRECKS__Heart_Failure_08__x1088_y480,0.50938 0.78359 0.46250 0.36719,no prediction of this class overlaps the box,,
222,0.7,orphan_label,val,AI4SHIPWRECKS__Heart_Failure_08__x1088_y960,0.50938 0.10859 0.46250 0.21719,no prediction of this class overlaps the box,,
223,0.7,orphan_label,val,AI4SHIPWRECKS__Heart_Failure_08__x480_y0,0.46172 0.86719 0.03906 0.05000,no prediction of this class overlaps the box,,
224,0.7,orphan_label,val,AI4SHIPWRECKS__Heart_Failure_08__x480_y1255,0.23672 0.39453 0.06719 0.08906,no prediction of this class overlaps the box,,
225,0.7,orphan_label,val,AI4SHIPWRECKS__Heart_Failure_08__x480_y480,0.46172 0.11719 0.03906 0.05000,no prediction of this class overlaps the box,,
226,0.7,orphan_label,val,AI4SHIPWRECKS__Heart_Failure_08__x480_y480,0.97813 0.61953 0.04375 0.06719,no prediction of this class overlaps the box,,
227,0.7,orphan_label,val,AI4SHIPWRECKS__Heart_Failure_08__x480_y480,0.78828 0.73047 0.07969 0.02656,no prediction of this class overlaps the box,,
228,0.7,orphan_label,val,AI4SHIPWRECKS__Heart_Failure_08__x480_y960,0.80547 0.36484 0.19531 0.03594,no prediction of this class overlaps the box,,
229,0.7,orphan_label,val,AI4SHIPWRECKS__Heart_Failure_08__x480_y960,0.20547 0.41641 0.41094 0.09844,no prediction of this class overlaps the box,,
230,0.7,orphan_label,val,AI4SHIPWRECKS__Heart_Failure_08__x480_y960,0.23672 0.85547 0.06719 0.08906,no prediction of this class overlaps the box,,
231,0.7,orphan_label,val,AI4SHIPWRECKS__Heart_Failure_08__x960_y480,0.23047 0.61953 0.04844 0.06719,no prediction of this class overlaps the box,,
232,0.7,orphan_label,val,AI4SHIPWRECKS__Heart_Failure_08__x960_y480,0.70937 0.78359 0.46250 0.36719,no prediction of this class overlaps the box,,
233,0.7,orphan_label,val,AI4SHIPWRECKS__Heart_Failure_08__x960_y480,0.03906 0.73047 0.07812 0.02656,no prediction of this class overlaps the box,,
234,0.7,orphan_label,val,AI4SHIPWRECKS__Heart_Failure_08__x960_y960,0.70937 0.10859 0.46250 0.21719,no prediction of this class overlaps the box,,
235,0.7,orphan_label,val,AI4SHIPWRECKS__Heart_Failure_08__x960_y960,0.07656 0.36484 0.15313 0.03594,no prediction of this class overlaps the box,,
236,0.7,orphan_label,val,AI4SHIPWRECKS__Heart_Failure_09__x0_y480,0.97031 0.58203 0.05937 0.03906,no prediction of this class overlaps the box,,
237,0.7,orphan_label,val,AI4SHIPWRECKS__Heart_Failure_09__x480_y480,0.40781 0.40000 0.03438 0.14688,no prediction of this class overlaps the box,,
238,0.7,orphan_label,val,AI4SHIPWRECKS__Heart_Failure_09__x480_y480,0.47266 0.44766 0.08906 0.11094,no prediction of this class overlaps the box,,
239,0.7,orphan_label,val,AI4SHIPWRECKS__Heart_Failure_09__x480_y480,0.39297 0.53906 0.06719 0.10000,no prediction of this class overlaps the box,,
240,0.7,orphan_label,val,AI4SHIPWRECKS__Heart_Failure_09__x480_y480,0.36562 0.61016 0.29375 0.14219,no prediction of this class overlaps the box,,
241,0.7,orphan_label,val,AI4SHIPWRECKS__Heart_Failure_09__x480_y480,0.22656 0.58203 0.07187 0.03906,no prediction of this class overlaps the box,,
242,0.7,orphan_label,val,AI4SHIPWRECKS__Heart_Failure_09__x480_y480,0.30234 0.69375 0.08281 0.10938,no prediction of this class overlaps the box,,
243,0.7,orphan_label,val,AI4SHIPWRECKS__Heart_Failure_09__x480_y480,0.40156 0.76797 0.06875 0.10156,no prediction of this class overlaps the box,,
244,0.7,orphan_label,val,AI4SHIPWRECKS__Heart_Failure_09__x480_y480,0.75156 0.82188 0.07812 0.05312,no prediction of this class overlaps the box,,
245,0.7,orphan_label,val,AI4SHIPWRECKS__Heart_Failure_09__x480_y960,0.75156 0.07187 0.07812 0.05312,no prediction of this class overlaps the box,,
246,0.7,orphan_label,val,AI4SHIPWRECKS__Heart_Failure_09__x960_y480,0.02031 0.82188 0.04063 0.05312,no prediction of this class overlaps the box,,
247,0.7,orphan_label,val,AI4SHIPWRECKS__Heart_Failure_09__x960_y960,0.02031 0.07187 0.04063 0.05312,no prediction of this class overlaps the box,,
248,0.7,orphan_label,val,AI4SHIPWRECKS__Isaac_M_Scott_01__x1088_y480,0.50000 0.89687 1.00000 0.20625,no prediction of this class overlaps the box,,
249,0.7,orphan_label,val,AI4SHIPWRECKS__Isaac_M_Scott_01__x1088_y960,0.50000 0.19297 1.00000 0.29844,no prediction of this class overlaps the box,,
250,0.7,orphan_label,val,AI4SHIPWRECKS__Isaac_M_Scott_01__x960_y480,0.55859 0.89687 0.88281 0.20625,no prediction of this class overlaps the box,,
251,0.7,orphan_label,val,AI4SHIPWRECKS__Isaac_M_Scott_01__x960_y960,0.55859 0.19297 0.88281 0.29844,no prediction of this class overlaps the box,,
252,0.7,orphan_label,val,AI4SHIPWRECKS__Montana_05__x1088_y960,0.97891 0.65547 0.04219 0.12969,no prediction of this class overlaps the box,,
253,0.7,orphan_label,val,AI4SHIPWRECKS__Montana_06__x960_y960,0.23594 0.31172 0.47187 0.62344,no prediction of this class overlaps the box,,
254,0.7,orphan_label,val,AI4SHIPWRECKS__Oscar_T_Flint_04__x0_y1440,0.58281 0.31875 0.11875 0.07812,no prediction of this class overlaps the box,,
255,0.7,orphan_label,val,AI4SHIPWRECKS__Oscar_T_Flint_04__x0_y3280,0.54688 0.43984 0.02813 0.04219,no prediction of this class overlaps the box,,
256,0.7,orphan_label,val,AI4SHIPWRECKS__Oscar_T_Flint_04__x0_y3280,0.52344 0.69375 0.02813 0.03750,no prediction of this class overlaps the box,,
257,0.7,orphan_label,val,AI4SHIPWRECKS__Oscar_T_Flint_04__x1088_y1440,0.27656 0.14141 0.02500 0.02344,no prediction of this class overlaps the box,,
258,0.7,orphan_label,val,AI4SHIPWRECKS__Oscar_T_Flint_04__x1088_y1440,0.04531 0.34609 0.09062 0.07031,no prediction of this class overlaps the box,,
259,0.7,orphan_label,val,AI4SHIPWRECKS__Oscar_T_Flint_04__x1088_y1440,0.35156 0.41875 0.17813 0.09062,no prediction of this class overlaps the box,,
260,0.7,orphan_label,val,AI4SHIPWRECKS__Oscar_T_Flint_04__x1088_y1440,0.27578 0.49219 0.11719 0.05937,no prediction of this class overlaps the box,,
261,0.7,orphan_label,val,AI4SHIPWRECKS__Oscar_T_Flint_04__x1088_y1440,0.12344 0.54141 0.07812 0.03594,no prediction of this class overlaps the box,,
262,0.7,orphan_label,val,AI4SHIPWRECKS__Oscar_T_Flint_04__x1088_y960,0.27656 0.89141 0.02500 0.02344,no prediction of this class overlaps the box,,
263,0.7,orphan_label,val,AI4SHIPWRECKS__Oscar_T_Flint_04__x480_y1440,0.23438 0.27109 0.46875 0.37031,no prediction of this class overlaps the box,,
264,0.7,orphan_label,val,AI4SHIPWRECKS__Oscar_T_Flint_04__x480_y1440,0.94609 0.34609 0.10781 0.07031,no prediction of this class overlaps the box,,
265,0.7,orphan_label,val,AI4SHIPWRECKS__Oscar_T_Flint_04__x480_y960,0.27578 0.92891 0.11719 0.04531,no prediction of this class overlaps the box,,
266,0.7,orphan_label,val,AI4SHIPWRECKS__Oscar_T_Flint_04__x960_y1440,0.47656 0.14141 0.02500 0.02344,no prediction of this class overlaps the box,,
267,0.7,orphan_label,val,AI4SHIPWRECKS__Oscar_T_Flint_04__x960_y1440,0.21641 0.34609 0.14844 0.07031,no prediction of this class overlaps the box,,
268,0.7,orphan_label,val,AI4SHIPWRECKS__Oscar_T_Flint_04__x960_y1440,0.55156 0.41875 0.17813 0.09062,no prediction of this class overlaps the box,,
269,0.7,orphan_label,val,AI4SHIPWRECKS__Oscar_T_Flint_04__x960_y1440,0.47578 0.49219 0.11719 0.05937,no prediction of this class overlaps the box,,
270,0.7,orphan_label,val,AI4SHIPWRECKS__Oscar_T_Flint_04__x960_y1440,0.32344 0.54141 0.07812 0.03594,no prediction of this class overlaps the box,,
271,0.7,orphan_label,val,AI4SHIPWRECKS__Oscar_T_Flint_04__x960_y960,0.47656 0.89141 0.02500 0.02344,no prediction of this class overlaps the box,,
272,0.7,orphan_label,val,AI4SHIPWRECKS__Oscar_T_Flint_14__x1088_y960,0.96797 0.02109 0.02344 0.04219,no prediction of this class overlaps the box,,
273,0.7,orphan_label,val,AI4SHIPWRECKS__WP_Rend_05__x0_y0,0.84766 0.76484 0.11406 0.03281,no prediction of this class overlaps the box,,
274,0.7,orphan_label,val,AI4SHIPWRECKS__WP_Rend_05__x0_y480,0.15625 0.42812 0.03750 0.05937,no prediction of this class overlaps the box,,
275,0.7,orphan_label,val,AI4SHIPWRECKS__WP_Rend_05__x0_y480,0.20781 0.48516 0.02500 0.05156,no prediction of this class overlaps the box,,
276,0.7,orphan_label,val,AI4SHIPWRECKS__WP_Rend_05__x0_y480,0.79063 0.47969 0.10938 0.03750,no prediction of this class overlaps the box,,
277,0.7,orphan_label,val,AI4SHIPWRECKS__WP_Rend_05__x480_y0,0.09766 0.76484 0.11406 0.03281,no prediction of this class overlaps the box,,
278,0.7,orphan_label,val,AI4SHIPWRECKS__WP_Rend_05__x480_y480,0.46563 0.32656 0.01875 0.04063,no prediction of this class overlaps the box,,
279,0.7,orphan_label,val,AI4SHIPWRECKS__WP_Rend_05__x480_y480,0.04766 0.47969 0.09531 0.03750,no prediction of this class overlaps the box,,
280,0.7,orphan_label,val,AI4SHIPWRECKS__WP_Rend_11__x1088_y1920,0.37031 0.98750 0.07500 0.02500,no prediction of this class overlaps the box,,
281,0.7,orphan_label,val,AI4SHIPWRECKS__WP_Rend_11__x1088_y2400,0.60313 0.50000 0.79375 1.00000,no prediction of this class overlaps the box,,
282,0.7,orphan_label,val,AI4SHIPWRECKS__WP_Rend_11__x1088_y2400,0.37031 0.25547 0.07500 0.06094,no prediction of this class overlaps the box,,
283,0.7,orphan_label,val,AI4SHIPWRECKS__WP_Rend_11__x1088_y2400,0.25703 0.30078 0.02969 0.02969,no prediction of this class overlaps the box,,
284,0.7,orphan_label,val,AI4SHIPWRECKS__WP_Rend_11__x1088_y2400,0.30000 0.65469 0.05937 0.05937,no prediction of this class overlaps the box,,
285,0.7,orphan_label,val,AI4SHIPWRECKS__WP_Rend_11__x1088_y2400,0.15937 0.68516 0.01875 0.05156,no prediction of this class overlaps the box,,
286,0.7,orphan_label,val,AI4SHIPWRECKS__WP_Rend_11__x1088_y2400,0.02656 0.69375 0.05312 0.05625,no prediction of this class overlaps the box,,
287,0.7,orphan_label,val,AI4SHIPWRECKS__WP_Rend_11__x1088_y2880,0.03984 0.67500 0.07969 0.08750,no prediction of this class overlaps the box,,
288,0.7,orphan_label,val,AI4SHIPWRECKS__WP_Rend_11__x1088_y2880,0.40469 0.70547 0.04063 0.08906,no prediction of this class overlaps the box,,
289,0.7,orphan_label,val,AI4SHIPWRECKS__WP_Rend_11__x1088_y3840,0.53750 0.93984 0.10000 0.03594,no prediction of this class overlaps the box,,
290,0.7,orphan_label,val,AI4SHIPWRECKS__WP_Rend_11__x1088_y4320,0.53750 0.18984 0.10000 0.03594,no prediction of this class overlaps the box,,
291,0.7,orphan_label,val,AI4SHIPWRECKS__WP_Rend_11__x480_y3360,0.86094 0.33281 0.05937 0.06563,no prediction of this class overlaps the box,,
292,0.7,orphan_label,val,AI4SHIPWRECKS__WP_Rend_11__x960_y1920,0.57031 0.98750 0.07500 0.02500,no prediction of this class overlaps the box,,
293,0.7,orphan_label,val,AI4SHIPWRECKS__WP_Rend_11__x960_y2400,0.70312 0.50000 0.59375 1.00000,no prediction of this class overlaps the box,,
294,0.7,orphan_label,val,AI4SHIPWRECKS__WP_Rend_11__x960_y2400,0.57031 0.25547 0.07500 0.06094,no prediction of this class overlaps the box,,
295,0.7,orphan_label,val,AI4SHIPWRECKS__WP_Rend_11__x960_y2400,0.45703 0.30078 0.02969 0.02969,no prediction of this class overlaps the box,,
296,0.7,orphan_label,val,AI4SHIPWRECKS__WP_Rend_11__x960_y2400,0.50000 0.65469 0.05937 0.05937,no prediction of this class overlaps the box,,
297,0.7,orphan_label,val,AI4SHIPWRECKS__WP_Rend_11__x960_y2880,0.37266 0.42500 0.07969 0.13750,no prediction of this class overlaps the box,,
298,0.7,orphan_label,val,AI4SHIPWRECKS__WP_Rend_11__x960_y2880,0.33906 0.41172 0.04375 0.04219,no prediction of this class overlaps the box,,
299,0.7,orphan_label,val,AI4SHIPWRECKS__WP_Rend_11__x960_y2880,0.60469 0.70547 0.04063 0.08906,no prediction of this class overlaps the box,,
300,0.7,orphan_label,val,AI4SHIPWRECKS__WP_Rend_11__x960_y3360,0.11094 0.33281 0.05937 0.06563,no prediction of this class overlaps the box,,
301,0.7,orphan_label,val,AI4SHIPWRECKS__WP_Rend_11__x960_y3840,0.73750 0.93984 0.10000 0.03594,no prediction of this class overlaps the box,,
302,0.7,orphan_label,val,AI4SHIPWRECKS__WP_Rend_11__x960_y4320,0.73750 0.18984 0.10000 0.03594,no prediction of this class overlaps the box,,
303,0.7,orphan_label,val,SCTD__000195,0.48942 0.54630 0.85577 0.16667,no prediction of this class overlaps the box,,
304,0.7,orphan_label,val,SCTD__000493,0.26417 0.34248 0.47165 0.14690,no prediction of this class overlaps the box,,
305,0.7,orphan_label,val,SCTD__000493,0.28093 0.85133 0.30928 0.04248,no prediction of this class overlaps the box,,
306,0.6999,loose_box,val,AI4SHIPWRECKS__WP_Rend_11__x1088_y2880,0.13906 0.41172 0.04375 0.04219,best IoU 0.10 against a prediction,,
307,0.6977,loose_box,val,AI4SHIPWRECKS__DM_Wilson_10__x960_y480,0.57891 0.60547 0.05781 0.05781,best IoU 0.10 against a prediction,,
308,0.6976,loose_box,val,AI4SHIPWRECKS__DM_Wilson_10__x1088_y480,0.37891 0.60547 0.05781 0.05781,best IoU 0.10 against a prediction,,
309,0.6961,loose_box,train,AI4SHIPWRECKS__WP_Rend_02__x0_y960,0.98047 0.03047 0.03906 0.06094,best IoU 0.10 against a prediction,,
310,0.6934,loose_box,train,AI4SHIPWRECKS__Near_Shore_02__x0_y1440,0.09688 0.21875 0.18750 0.43750,best IoU 0.11 against a prediction,,
311,0.6861,loose_box,train,AI4SHIPWRECKS__DM_Wilson_09__x1088_y960,0.54922 0.74375 0.18594 0.03750,best IoU 0.11 against a prediction,,
312,0.6816,loose_box,train,AI4SHIPWRECKS__DM_Wilson_09__x960_y960,0.74922 0.74375 0.18594 0.03750,best IoU 0.12 against a prediction,,
313,0.6791,missing_label,train,AI4SHIPWRECKS__Montana_02__x1088_y960,0.51337 0.77311 0.97326 0.45378,confident prediction @ 0.70 with no label here,,
314,0.6771,missing_label,val,AI4SHIPWRECKS__DR_Hanna_04__x480_y480,0.90310 0.68835 0.19379 0.24659,confident prediction @ 0.69 with no label here,,
315,0.6767,loose_box,val,AI4SHIPWRECKS__WP_Rend_11__x480_y2880,0.96094 0.56563 0.07812 0.07812,best IoU 0.12 against a prediction,,
316,0.6726,loose_box,train,AI4SHIPWRECKS__WP_Rend_10__x960_y2400,0.06094 0.83828 0.08438 0.07656,best IoU 0.13 against a prediction,,
317,0.6679,missing_label,train,AI4SHIPWRECKS__Near_Shore_02__x0_y1440,0.10037 0.33926 0.03902 0.10794,confident prediction @ 0.67 with no label here,,
318,0.6677,loose_box,train,AI4SHIPWRECKS__EB_Allen_07__x0_y960,0.24219 0.42188 0.07812 0.05937,best IoU 0.13 against a prediction,,
319,0.6675,loose_box,val,AI4SHIPWRECKS__DM_Wilson_10__x1088_y480,0.12969 0.63438 0.25938 0.39687,best IoU 0.13 against a prediction,,
320,0.6657,loose_box,train,AI4SHIPWRECKS__Near_Shore_02__x1088_y7200,0.16875 0.22344 0.03438 0.02813,best IoU 0.13 against a prediction,,
321,0.6649,loose_box,train,AI4SHIPWRECKS__Near_Shore_02__x960_y7200,0.36875 0.22344 0.03438 0.02813,best IoU 0.14 against a prediction,,
322,0.6638,missing_label,train,AI4SHIPWRECKS__DM_Wilson_12__x1088_y1440,0.49499 0.35567 0.93889 0.71134,confident prediction @ 0.66 with no label here,,
323,0.661,loose_box,train,AI4SHIPWRECKS__DM_Wilson_13__x960_y960,0.86328 0.19844 0.06719 0.04063,best IoU 0.14 against a prediction,,
324,0.6594,loose_box,val,AI4SHIPWRECKS__Oscar_T_Flint_04__x0_y1440,0.96484 0.08281 0.07031 0.10625,best IoU 0.14 against a prediction,,
325,0.659,loose_box,train,AI4SHIPWRECKS__WP_Rend_10__x1088_y2400,0.20703 0.03125 0.09219 0.06250,best IoU 0.14 against a prediction,,
326,0.659,loose_box,train,AI4SHIPWRECKS__WP_Rend_10__x960_y2400,0.40703 0.03125 0.09219 0.06250,best IoU 0.14 against a prediction,,
327,0.6583,loose_box,train,AI4SHIPWRECKS__DM_Wilson_13__x1088_y960,0.66328 0.19844 0.06719 0.04063,best IoU 0.14 against a prediction,,
328,0.6548,missing_label,train,AI4SHIPWRECKS__DM_Wilson_12__x960_y1440,0.57808 0.36062 0.84384 0.72124,confident prediction @ 0.64 with no label here,,
329,0.6513,loose_box,val,AI4SHIPWRECKS__Oscar_T_Flint_04__x0_y960,0.96484 0.83281 0.07031 0.10625,best IoU 0.15 against a prediction,,
330,0.65,loose_box,train,AI4SHIPWRECKS__WP_Rend_10__x1088_y1920,0.20703 0.77734 0.09219 0.07031,best IoU 0.15 against a prediction,,
331,0.6483,loose_box,val,AI4SHIPWRECKS__Oscar_T_Flint_04__x480_y1440,0.27500 0.08281 0.19062 0.10625,best IoU 0.15 against a prediction,,
332,0.6463,missing_label,train,AI4SHIPWRECKS__Isaac_M_Scott_05__x1088_y0,0.16329 0.39100 0.02359 0.01877,confident prediction @ 0.62 with no label here,,
333,0.6462,loose_box,train,AI4SHIPWRECKS__WP_Rend_10__x960_y1920,0.40703 0.77734 0.09219 0.07031,best IoU 0.15 against a prediction,,
334,0.6439,loose_box,val,AI4SHIPWRECKS__Heart_Failure_09__x480_y960,0.25000 0.12500 0.29375 0.25000,best IoU 0.16 against a prediction,,
335,0.6437,missing_label,train,AI4SHIPWRECKS__Isaac_M_Scott_05__x960_y0,0.36331 0.39098 0.02357 0.01877,confident prediction @ 0.61 with no label here,,
336,0.6434,missing_label,train,AI4SHIPWRECKS__WP_Rend_04__x480_y960,0.29908 0.35606 0.03221 0.02290,confident prediction @ 0.61 with no label here,,
337,0.6407,missing_label,train,AI4SHIPWRECKS__DM_Wilson_12__x1088_y480,0.55904 0.74142 0.88192 0.51716,confident prediction @ 0.60 with no label here,,
338,0.6394,missing_label,val,SCTD__000458,0.80207 0.89925 0.36216 0.19870,confident prediction @ 0.60 with no label here,,
339,0.6392,missing_label,train,AI4SHIPWRECKS__WP_Rend_09__x0_y1920,0.50665 0.77232 0.95592 0.44491,confident prediction @ 0.60 with no label here,,
340,0.638,missing_label,train,AI4SHIPWRECKS__DM_Wilson_14__x960_y1440,0.67810 0.43790 0.64230 0.87580,confident prediction @ 0.60 with no label here,,
341,0.6372,loose_box,train,AI4SHIPWRECKS__Near_Shore_04__x0_y3360,0.03047 0.13437 0.05781 0.21875,best IoU 0.16 against a prediction,,
342,0.6367,missing_label,train,SCTD__000261,0.20712 0.07432 0.39412 0.14865,confident prediction @ 0.59 with no label here,,
343,0.6334,loose_box,train,AI4SHIPWRECKS__DM_Wilson_09__x1088_y1440,0.77344 0.46719 0.12812 0.07500,best IoU 0.17 against a prediction,,
344,0.6333,loose_box,train,AI4SHIPWRECKS__WP_Rend_02__x480_y960,0.37266 0.40469 0.02344 0.09688,best IoU 0.17 against a prediction,,
345,0.6331,loose_box,val,AI4SHIPWRECKS__Oscar_T_Flint_04__x480_y960,0.27500 0.83281 0.19062 0.10625,best IoU 0.17 against a prediction,,
346,0.6322,missing_label,train,AI4SHIPWRECKS__WP_Rend_04__x960_y960,0.23024 0.34062 0.09295 0.02679,confident prediction @ 0.58 with no label here,,
347,0.631,loose_box,train,AI4SHIPWRECKS__DM_Wilson_08__x1088_y960,0.13828 0.80625 0.27656 0.38750,best IoU 0.17 against a prediction,,
348,0.6298,missing_label,val,AI4SHIPWRECKS__EB_Allen_16__x0_y960,0.48768 0.55777 0.05017 0.14179,confident prediction @ 0.57 with no label here,,
349,0.6272,loose_box,val,AI4SHIPWRECKS__DM_Wilson_10__x960_y480,0.22969 0.63438 0.45937 0.39687,best IoU 0.17 against a prediction,,
350,0.6268,missing_label,train,AI4SHIPWRECKS__Egyptian_08__x0_y0,0.68321 0.67263 0.02066 0.02759,confident prediction @ 0.57 with no label here,,
351,0.6241,loose_box,train,AI4SHIPWRECKS__WP_Rend_10__x960_y1920,0.14141 0.48125 0.12969 0.06250,best IoU 0.18 against a prediction,,
352,0.6201,missing_label,train,AI4SHIPWRECKS__WP_Rend_10__x0_y2880,0.91387 0.49348 0.16836 0.98696,confident prediction @ 0.55 with no label here,,
353,0.6173,loose_box,train,AI4SHIPWRECKS__Near_Shore_02__x0_y960,0.70781 0.77031 0.20000 0.45937,best IoU 0.18 against a prediction,,
354,0.6167,loose_box,val,AI4SHIPWRECKS__Oscar_T_Flint_04__x0_y1440,0.91250 0.39141 0.10625 0.05781,best IoU 0.18 against a prediction,,
355,0.6153,loose_box,train,AI4SHIPWRECKS__Egyptian_09__x1088_y630,0.75938 0.38594 0.01875 0.02187,best IoU 0.18 against a prediction,,
356,0.6141,loose_box,train,AI4SHIPWRECKS__WP_Rend_04__x1088_y960,0.16719 0.31406 0.01875 0.10312,best IoU 0.19 against a prediction,,
357,0.6134,loose_box,train,AI4SHIPWRECKS__Montana_07__x960_y1440,0.28203 0.61641 0.56406 0.76719,best IoU 0.19 against a prediction,,
358,0.6133,missing_label,train,AI4SHIPWRECKS__EB_Allen_17__x0_y0,0.25318 0.68742 0.09207 0.04238,confident prediction @ 0.53 with no label here,,
359,0.6127,loose_box,train,AI4SHIPWRECKS__WP_Rend_10__x960_y2400,0.24297 0.27344 0.26094 0.12187,best IoU 0.19 against a prediction,,
360,0.6122,missing_label,train,AI4SHIPWRECKS__Near_Shore_03__x0_y7680,0.40541 0.50047 0.08813 0.06595,confident prediction @ 0.53 with no label here,,
361,0.6118,loose_box,train,AI4SHIPWRECKS__Egyptian_09__x960_y630,0.95937 0.38594 0.01875 0.02187,best IoU 0.19 against a prediction,,
362,0.6114,loose_box,train,AI4SHIPWRECKS__WP_Rend_04__x960_y960,0.36719 0.31406 0.01875 0.10312,best IoU 0.19 against a prediction,,
363,0.6102,loose_box,train,AI4SHIPWRECKS__WP_Rend_10__x1088_y2880,0.33516 0.10156 0.01719 0.05625,best IoU 0.19 against a prediction,,
364,0.61,loose_box,train,AI4SHIPWRECKS__WP_Rend_10__x960_y2400,0.53516 0.85156 0.01719 0.05625,best IoU 0.19 against a prediction,,
365,0.6097,loose_box,val,AI4SHIPWRECKS__Heart_Failure_09__x480_y480,0.25000 0.79766 0.29375 0.40469,best IoU 0.19 against a prediction,,
366,0.6094,loose_box,train,AI4SHIPWRECKS__WP_Rend_10__x1088_y2400,0.33516 0.85156 0.01719 0.05625,best IoU 0.19 against a prediction,,
367,0.6092,loose_box,train,AI4SHIPWRECKS__WP_Rend_10__x960_y2880,0.53516 0.10156 0.01719 0.05625,best IoU 0.19 against a prediction,,
368,0.6064,loose_box,train,AI4SHIPWRECKS__Egyptian_09__x1088_y630,0.78125 0.37266 0.02187 0.02969,best IoU 0.19 against a prediction,,
369,0.6012,missing_label,train,AI4SHIPWRECKS__Montana_08__x1088_y1440,0.55072 0.18545 0.89716 0.37090,confident prediction @ 0.50 with no label here,,
370,0.6003,loose_box,train,AI4SHIPWRECKS__Egyptian_09__x1088_y480,0.75938 0.62031 0.01875 0.02187,best IoU 0.20 against a prediction,,
371,0.5719,loose_box,train,AI4SHIPWRECKS__Egyptian_09__x960_y480,0.95937 0.62031 0.01875 0.02187,best IoU 0.23 against a prediction,,
372,0.5405,loose_box,train,AI4SHIPWRECKS__Near_Shore_02__x960_y6720,0.36875 0.97344 0.03438 0.02813,best IoU 0.26 against a prediction,,
373,0.5401,loose_box,train,AI4SHIPWRECKS__Egyptian_09__x1088_y480,0.78125 0.60703 0.02187 0.02969,best IoU 0.26 against a prediction,,
374,0.5381,loose_box,train,AI4SHIPWRECKS__Near_Shore_02__x1088_y6720,0.16875 0.97344 0.03438 0.02813,best IoU 0.26 against a prediction,,
375,0.53,loose_box,train,AI4SHIPWRECKS__Heart_Failure_03__x480_y0,0.72813 0.60234 0.06563 0.10781,best IoU 0.27 against a prediction,,
376,0.5292,loose_box,train,AI4SHIPWRECKS__Egyptian_13__x960_y0,0.71172 0.49844 0.07969 0.07500,best IoU 0.27 against a prediction,,
377,0.5273,loose_box,val,AI4SHIPWRECKS__WP_Rend_11__x1088_y2880,0.17266 0.42500 0.07969 0.13750,best IoU 0.27 against a prediction,,
378,0.5219,loose_box,train,SCTD__000283,0.30938 0.54459 0.06250 0.29936,best IoU 0.28 against a prediction,,
379,0.5191,loose_box,train,AI4SHIPWRECKS__Egyptian_13__x1088_y0,0.51172 0.49844 0.07969 0.07500,best IoU 0.28 against a prediction,,
380,0.512,loose_box,val,AI4SHIPWRECKS__DM_Wilson_10__x0_y960,0.45703 0.36797 0.35781 0.26094,best IoU 0.29 against a prediction,,
381,0.505,loose_box,train,AI4SHIPWRECKS__WP_Rend_10__x1088_y2400,0.08672 0.27344 0.17344 0.12187,best IoU 0.30 against a prediction,,
382,0.4932,loose_box,val,AI4SHIPWRECKS__DM_Wilson_10__x960_y480,0.67266 0.77656 0.65469 0.44688,best IoU 0.31 against a prediction,,
383,0.4929,loose_box,train,AI4SHIPWRECKS__DM_Wilson_13__x1088_y1440,0.94375 0.38750 0.04688 0.10938,best IoU 0.31 against a prediction,,
384,0.4911,loose_box,val,AI4SHIPWRECKS__Oscar_T_Flint_04__x480_y1440,0.16250 0.39141 0.10625 0.05781,best IoU 0.31 against a prediction,,
385,0.4871,loose_box,train,AI4SHIPWRECKS__Egyptian_09__x960_y480,0.98125 0.60703 0.02187 0.02969,best IoU 0.31 against a prediction,,
386,0.4858,loose_box,train,AI4SHIPWRECKS__Egyptian_12__x0_y480,0.72813 0.65078 0.06250 0.09219,best IoU 0.31 against a prediction,,
387,0.4811,loose_box,val,AI4SHIPWRECKS__WP_Rend_11__x480_y2400,0.20156 0.84141 0.07187 0.09219,best IoU 0.32 against a prediction,,
388,0.4802,loose_box,val,AI4SHIPWRECKS__WP_Rend_11__x480_y2880,0.20156 0.09141 0.07187 0.09219,best IoU 0.32 against a prediction,,
389,0.4802,loose_box,val,SCTD__000348,0.41211 0.48871 0.69922 0.90000,best IoU 0.32 against a prediction,,
390,0.4648,loose_box,train,AI4SHIPWRECKS__Egyptian_09__x960_y630,0.98125 0.37266 0.02187 0.02969,best IoU 0.34 against a prediction,,
391,0.4643,loose_box,train,AI4SHIPWRECKS__WP_Rend_10__x960_y2880,0.09141 0.28047 0.01719 0.06406,best IoU 0.34 against a prediction,,
392,0.4571,loose_box,val,AI4SHIPWRECKS__WP_Rend_11__x0_y2880,0.77344 0.27187 0.07187 0.11563,best IoU 0.34 against a prediction,,
393,0.4566,loose_box,train,AI4SHIPWRECKS__Egyptian_14__x1088_y480,0.28594 0.89297 0.01562 0.01719,best IoU 0.34 against a prediction,,
394,0.4566,loose_box,val,AI4SHIPWRECKS__WP_Rend_11__x960_y2880,0.25703 0.56563 0.17031 0.07812,best IoU 0.34 against a prediction,,
395,0.4559,loose_box,train,AI4SHIPWRECKS__Egyptian_14__x960_y480,0.48594 0.89297 0.01562 0.01719,best IoU 0.34 against a prediction,,
396,0.4555,loose_box,train,AI4SHIPWRECKS__Egyptian_09__x960_y0,0.86641 0.95156 0.03281 0.03125,best IoU 0.34 against a prediction,,
397,0.4494,loose_box,train,AI4SHIPWRECKS__WP_Rend_10__x480_y1920,0.89141 0.48125 0.12969 0.06250,best IoU 0.35 against a prediction,,
398,0.4469,loose_box,val,AI4SHIPWRECKS__WP_Rend_05__x0_y480,0.93203 0.42812 0.02969 0.03125,best IoU 0.35 against a prediction,,
399,0.443,loose_box,val,AI4SHIPWRECKS__WP_Rend_05__x480_y480,0.18203 0.42812 0.02969 0.03125,best IoU 0.36 against a prediction,,
400,0.4422,loose_box,train,SCTD__000311,0.49150 0.52773 0.17300 0.65800,best IoU 0.36 against a prediction,,
401,0.437,loose_box,val,AI4SHIPWRECKS__WP_Rend_11__x1088_y2880,0.07109 0.56563 0.14219 0.07812,best IoU 0.36 against a prediction,,
402,0.433,loose_box,train,AI4SHIPWRECKS__Egyptian_09__x1088_y0,0.66641 0.95156 0.03281 0.03125,best IoU 0.37 against a prediction,,
403,0.4264,loose_box,train,AI4SHIPWRECKS__EB_Allen_21__x1088_y0,0.93594 0.92578 0.02187 0.08906,best IoU 0.37 against a prediction,,
404,0.4144,loose_box,val,AI4SHIPWRECKS__WP_Rend_11__x1088_y2880,0.06406 0.47031 0.12812 0.16250,best IoU 0.39 against a prediction,,
405,0.4128,loose_box,val,AI4SHIPWRECKS__WP_Rend_11__x960_y2880,0.38047 0.51016 0.02656 0.02969,best IoU 0.39 against a prediction,,
406,0.4106,loose_box,val,AI4SHIPWRECKS__WP_Rend_11__x1088_y2880,0.18047 0.51016 0.02656 0.02969,best IoU 0.39 against a prediction,,
407,0.4085,loose_box,train,AI4SHIPWRECKS__Oscar_T_Flint_12__x480_y480,0.82734 0.66406 0.06406 0.09062,best IoU 0.39 against a prediction,,
408,0.4038,loose_box,train,AI4SHIPWRECKS__DM_Wilson_14__x1088_y1440,0.39844 0.46172 0.05937 0.22656,best IoU 0.40 against a prediction,,
409,0.4037,loose_box,train,AI4SHIPWRECKS__WP_Rend_04__x480_y480,0.96641 0.55391 0.06719 0.06406,best IoU 0.40 against a prediction,,
410,0.4035,loose_box,val,AI4SHIPWRECKS__Oscar_T_Flint_04__x480_y1440,0.05469 0.36484 0.10938 0.07031,best IoU 0.40 against a prediction,,
411,0.4001,loose_box,train,AI4SHIPWRECKS__DM_Wilson_09__x1088_y960,0.86562 0.70156 0.26875 0.09062,best IoU 0.40 against a prediction,,
412,0.3973,loose_box,train,AI4SHIPWRECKS__Isaac_M_Scott_02__x0_y960,0.87578 0.23750 0.24844 0.11250,best IoU 0.40 against a prediction,,
413,0.397,loose_box,train,AI4SHIPWRECKS__Egyptian_09__x1088_y480,0.66641 0.20156 0.03281 0.03125,best IoU 0.40 against a prediction,,
414,0.3964,loose_box,train,AI4SHIPWRECKS__Oscar_T_Flint_12__x960_y480,0.07734 0.66406 0.06406 0.09062,best IoU 0.40 against a prediction,,
415,0.3963,loose_box,train,AI4SHIPWRECKS__DM_Wilson_14__x960_y1440,0.59844 0.46172 0.05937 0.22656,best IoU 0.40 against a prediction,,
416,0.396,loose_box,train,AI4SHIPWRECKS__Egyptian_09__x960_y480,0.86641 0.20156 0.03281 0.03125,best IoU 0.40 against a prediction,,
417,0.3892,loose_box,val,AI4SHIPWRECKS__Oscar_T_Flint_04__x0_y1440,0.77109 0.36484 0.17656 0.07031,best IoU 0.41 against a prediction,,
418,0.3838,loose_box,train,AI4SHIPWRECKS__Egyptian_14__x1088_y626,0.28594 0.66484 0.01562 0.01719,best IoU 0.42 against a prediction,,
419,0.3806,loose_box,train,AI4SHIPWRECKS__Egyptian_05__x960_y0,0.59297 0.34219 0.04219 0.03438,best IoU 0.42 against a prediction,,
420,0.3803,loose_box,train,AI4SHIPWRECKS__WP_Rend_09__x480_y2880,0.04688 0.56328 0.09375 0.13281,best IoU 0.42 against a prediction,,
421,0.3799,loose_box,train,AI4SHIPWRECKS__Egyptian_05__x1088_y0,0.39297 0.34219 0.04219 0.03438,best IoU 0.42 against a prediction,,
422,0.3794,loose_box,train,AI4SHIPWRECKS__Egyptian_14__x960_y626,0.48594 0.66484 0.01562 0.01719,best IoU 0.42 against a prediction,,
423,0.3778,loose_box,val,AI4SHIPWRECKS__WP_Rend_11__x0_y2400,0.95156 0.84141 0.07187 0.09219,best IoU 0.42 against a prediction,,
424,0.3728,loose_box,val,AI4SHIPWRECKS__WP_Rend_11__x0_y2880,0.95156 0.09141 0.07187 0.09219,best IoU 0.43 against a prediction,,
425,0.3695,loose_box,val,AI4SHIPWRECKS__WP_Rend_11__x480_y2400,0.28672 0.87891 0.05781 0.13281,best IoU 0.43 against a prediction,,
426,0.3669,loose_box,train,AI4SHIPWRECKS__WP_Rend_02__x0_y960,0.39062 0.27813 0.05937 0.05000,best IoU 0.43 against a prediction,,
427,0.364,loose_box,train,AI4SHIPWRECKS__Near_Shore_03__x0_y7680,0.02109 0.40000 0.04219 0.40625,best IoU 0.44 against a prediction,,
428,0.362,loose_box,train,AI4SHIPWRECKS__Montana_01__x1088_y960,0.35781 0.90938 0.14375 0.03438,best IoU 0.44 against a prediction,,
429,0.3581,loose_box,train,AI4SHIPWRECKS__Montana_01__x960_y960,0.55781 0.90938 0.14375 0.03438,best IoU 0.44 against a prediction,,
430,0.3581,loose_box,val,AI4SHIPWRECKS__WP_Rend_11__x480_y2880,0.28672 0.12891 0.05781 0.13281,best IoU 0.44 against a prediction,,
431,0.3554,loose_box,train,AI4SHIPWRECKS__Pewabic_03__x480_y960,0.94922 0.18906 0.02344 0.01562,best IoU 0.44 against a prediction,,
432,0.3495,loose_box,train,AI4SHIPWRECKS__Egyptian_12__x0_y622,0.72813 0.42891 0.06250 0.09219,best IoU 0.45 against a prediction,,
433,0.34,loose_box,train,AI4SHIPWRECKS__Pewabic_03__x480_y480,0.94922 0.93906 0.02344 0.01562,best IoU 0.46 against a prediction,,
434,0.3348,loose_box,train,AI4SHIPWRECKS__Egyptian_06__x960_y1440,0.48828 0.82344 0.04844 0.04063,best IoU 0.47 against a prediction,,
435,0.3324,loose_box,train,AI4SHIPWRECKS__Egyptian_06__x1088_y1440,0.28828 0.82344 0.04844 0.04063,best IoU 0.47 against a prediction,,
436,0.3199,loose_box,train,AI4SHIPWRECKS__Oscar_T_Flint_12__x480_y960,0.98125 0.02031 0.03750 0.03438,best IoU 0.48 against a prediction,,
437,0.3173,loose_box,train,AI4SHIPWRECKS__Egyptian_06__x1088_y1533,0.28828 0.67812 0.04844 0.04063,best IoU 0.48 against a prediction,,
438,0.3161,loose_box,train,AI4SHIPWRECKS__Egyptian_06__x960_y1533,0.48828 0.67812 0.04844 0.04063,best IoU 0.48 against a prediction,,
439,0.3152,loose_box,train,AI4SHIPWRECKS__Egyptian_12__x0_y622,0.63750 0.33750 0.02187 0.01875,best IoU 0.48 against a prediction,,
440,0.312,loose_box,train,AI4SHIPWRECKS__Heart_Failure_10__x480_y960,0.35000 0.30234 0.27187 0.30781,best IoU 0.49 against a prediction,,
441,0.3119,loose_box,train,AI4SHIPWRECKS__Egyptian_12__x0_y622,0.71484 0.54063 0.02969 0.04063,best IoU 0.49 against a prediction,,
442,0.3106,loose_box,train,AI4SHIPWRECKS__WP_Rend_02__x480_y480,0.39062 0.91406 0.03125 0.04063,best IoU 0.49 against a prediction,,
443,0.3104,loose_box,train,AI4SHIPWRECKS__Egyptian_09__x1088_y630,0.31719 0.29922 0.05000 0.02969,best IoU 0.49 against a prediction,,
444,0.3101,loose_box,train,AI4SHIPWRECKS__Egyptian_09__x960_y630,0.51719 0.29922 0.05000 0.02969,best IoU 0.49 against a prediction,,
445,0.3089,loose_box,train,AI4SHIPWRECKS__WP_Rend_04__x960_y960,0.31250 0.28906 0.10000 0.12500,best IoU 0.49 against a prediction,,
446,0.3088,loose_box,train,AI4SHIPWRECKS__WP_Rend_04__x1088_y960,0.11250 0.28906 0.10000 0.12500,best IoU 0.49 against a prediction,,
