epoch,time,train/box_loss,train/seg_loss,train/cls_loss,train/dfl_loss,train/sem_loss,metrics/precision(B),metrics/recall(B),metrics/mAP50(B),metrics/mAP50-95(B),metrics/precision(M),metrics/recall(M),metrics/mAP50(M),metrics/mAP50-95(M),val/box_loss,val/seg_loss,val/cls_loss,val/dfl_loss,val/sem_loss,lr/pg0,lr/pg1,lr/pg2
1,33.6511,2.6108,5.20365,3.43109,2.46104,0,0.00485,0.36364,0.00189,0.00042,0,0,0,0,3.26815,3.34182,7.97574,3.13515,0,0.000615385,0.000615385,0.000615385
2,37.6214,2.64044,5.01957,3.45573,2.50113,0,0.00545,0.40909,0.00223,0.00059,0,0,0,0,3.1585,3.10512,8.33502,2.99952,0,0.00127782,0.00127782,0.00127782
3,41.5607,2.67671,4.99321,3.44917,2.56477,0,0.00606,0.45455,0.00285,0.00062,0,0,0,0,3.07361,2.84495,9.58075,2.91738,0,0.00193586,0.00193586,0.00193586
4,45.4682,2.77046,5.09329,3.64246,2.58958,0,0.00908,0.09091,0.00336,0.00069,0,0,0,0,3.27044,2.76115,9.15076,2.93867,0,0.0019802,0.0019802,0.0019802
5,49.4524,2.50919,5.11866,3.37346,2.42794,0,0.04398,0.02273,0.00669,0.00133,0,0,0,0,3.22322,2.8289,8.35111,2.91581,0,0.0019736,0.0019736,0.0019736
6,53.9264,2.713,5.11786,3.34655,2.51025,0,0.04398,0.02273,0.00669,0.00133,0,0,0,0,3.22322,2.8289,8.35111,2.91581,0,0.001967,0.001967,0.001967
7,59.1389,3.3099,4.58847,14.3104,2.96398,0,0.00543,0.13636,0.00078,0.00015,0,0,0,0,4.55443,1157.56,207.671,85.0332,0,0.0019604,0.0019604,0.0019604
8,64.9638,3.35162,4.55094,15.2636,2.88952,0,0.01087,0.09091,0.00432,0.00068,0,0,0,0,4.02733,345.121,139.754,37.5952,0,0.0019538,0.0019538,0.0019538
9,70.5217,3.30445,4.37237,11.1731,2.97058,0,0,0,0,0,0,0,0,0,nan,nan,nan,nan,0,0.0019472,0.0019472,0.0019472
10,76.0539,3.13455,3.69176,4.90326,3.11107,0,0,0,0,0,0,0,0,0,nan,nan,nan,nan,0,0.0019406,0.0019406,0.0019406
11,81.5276,3.13826,4.50367,4.37265,3.02634,0,0,0,0,0,0,0,0,0,nan,nan,nan,nan,0,0.001934,0.001934,0.001934
12,87.1098,3.0614,3.45975,3.38915,3.0642,0,0,0,0,0,0,0,0,0,nan,nan,nan,nan,0,0.0019274,0.0019274,0.0019274
13,92.6165,3.0331,3.62352,3.09917,3.01263,0,0,0,0,0,0,0,0,0,nan,nan,nan,nan,0,0.0019208,0.0019208,0.0019208
14,98.2122,3.22394,3.82299,3.09738,3.12312,0,0.00121,0.02273,0.0002,4e-05,0,0,0,0,nan,nan,nan,nan,0,0.0019142,0.0019142,0.0019142
15,103.738,3.0618,3.45117,2.97299,3.08288,0,0,0,0,0,0,0,0,0,nan,nan,nan,nan,0,0.0019076,0.0019076,0.0019076
16,109.277,2.93957,3.43282,2.94494,3.05117,0,0,0,0,0,0,0,0,0,nan,nan,nan,nan,0,0.001901,0.001901,0.001901
17,114.936,2.88989,3.15703,2.8489,2.91101,0,0,0,0,0,0,0,0,0,nan,nan,nan,nan,0,0.0018944,0.0018944,0.0018944
18,120.401,2.8579,2.93756,2.7935,2.9092,0,0.00917,0.02273,0.00049,0.0001,0,0,0,0,nan,nan,nan,nan,0,0.0018878,0.0018878,0.0018878
19,126.147,2.85293,3.06761,2.81722,2.89068,0,0.00038,0.02273,0.00018,4e-05,0,0,0,0,6.21297,4112.17,7331.02,802.31,0,0.0018812,0.0018812,0.0018812
20,131.718,2.84487,3.01615,2.78689,2.90131,0,0.00042,0.02273,2e-05,0,0,0,0,0,4.85358,715.125,52.2601,86.6769,0,0.0018746,0.0018746,0.0018746
21,137.327,2.76778,2.79937,2.65168,2.8796,0,0.00504,0.11364,0.00277,0.00048,0,0,0,0,3.98738,8.40723,5.5991,5.88412,0,0.001868,0.001868,0.001868
22,142.869,2.73486,2.79182,2.57981,2.80818,0,0.00504,0.11364,0.00277,0.00048,0,0,0,0,3.98738,8.40723,5.5991,5.88412,0,0.0018614,0.0018614,0.0018614
23,148.414,2.75115,2.80282,2.64521,2.86783,0,0.028,0.25,0.01899,0.00373,0,0,0,0,3.70339,36.3269,4.02216,7.8643,0,0.0018548,0.0018548,0.0018548
24,154.007,2.61792,2.85898,2.67137,2.76678,0,0.00747,0.18182,0.00999,0.00238,0.00054,0.02273,0.00056,6e-05,4.01085,10.4051,3.83535,8.41486,0,0.0018482,0.0018482,0.0018482
25,159.443,2.79401,2.85853,2.7198,2.90391,0,0.0071,0.20455,0.00264,0.00075,0,0,0,0,3.55362,18.5949,3.79063,5.49082,0,0.0018416,0.0018416,0.0018416
26,165.028,2.64638,2.76229,2.59815,2.83057,0,0.00659,0.27273,0.00729,0.00115,0,0,0,0,3.3924,3.39221,3.61493,4.09008,0,0.001835,0.001835,0.001835
27,170.625,2.56445,2.66834,2.63593,2.78402,0,0.00659,0.27273,0.00729,0.00115,0,0,0,0,3.3924,3.39221,3.61493,4.09008,0,0.0018284,0.0018284,0.0018284
28,176.231,2.59509,2.67214,2.54921,2.82406,0,0.04159,0.22727,0.02409,0.005,0.0003,0.02273,0.00012,1e-05,3.06349,2.12639,3.17872,3.35102,0,0.0018218,0.0018218,0.0018218
29,181.811,2.63401,2.66422,2.58266,2.83845,0,0.05461,0.15909,0.02501,0.00715,0.00035,0.02273,0.0001,1e-05,3.06353,2.48827,2.95935,3.65325,0,0.0018152,0.0018152,0.0018152
30,187.466,2.59178,2.49347,2.55458,2.75431,0,0.07894,0.20455,0.03637,0.00947,0,0,0,0,3.07376,2.66497,3.15953,4.23972,0,0.0018086,0.0018086,0.0018086
31,193.189,2.55837,2.67862,2.61297,2.73406,0,0.11627,0.18182,0.03754,0.00946,0.00053,0.02273,8e-05,1e-05,3.30848,2.63928,3.60392,5.07108,0,0.001802,0.001802,0.001802
32,198.8,2.49696,2.62688,2.52796,2.69716,0,0.11627,0.18182,0.03754,0.00946,0.00053,0.02273,8e-05,1e-05,3.30848,2.63928,3.60392,5.07108,0,0.0017954,0.0017954,0.0017954
33,204.408,2.53537,2.73632,2.53999,2.68803,0,0.04634,0.06818,0.0219,0.00671,0.00061,0.02273,0.00014,1e-05,3.27096,3.14226,3.69765,5.1477,0,0.0017888,0.0017888,0.0017888
34,209.986,2.46894,2.60903,2.51786,2.68358,0,0.0118,0.11364,0.01004,0.00127,0.00087,0.02273,0.00027,3e-05,4.06997,6.47145,4.32026,6.8383,0,0.0017822,0.0017822,0.0017822
35,215.695,2.53512,2.77963,2.4966,2.6815,0,0.02785,0.06818,0.02943,0.00541,0,0,0,0,3.32993,2.56967,3.22066,4.2284,0,0.0017756,0.0017756,0.0017756
36,221.206,2.58297,2.68295,2.45521,2.69368,0,0.01851,0.15909,0.02645,0.00631,0,0,0,0,3.02197,2.30554,2.90246,3.31092,0,0.001769,0.001769,0.001769
37,226.822,2.52673,2.48109,2.48742,2.72786,0,0.04647,0.54545,0.05162,0.0118,0.00031,0.02273,6e-05,1e-05,2.87007,2.22812,2.73678,3.13892,0,0.0017624,0.0017624,0.0017624
38,232.654,2.44978,2.5401,2.48859,2.6859,0,0.04647,0.54545,0.05162,0.0118,0.00031,0.02273,6e-05,1e-05,2.87007,2.22812,2.73678,3.13892,0,0.0017558,0.0017558,0.0017558
39,238.327,2.47497,2.4667,2.487,2.64552,0,0.12406,0.34443,0.18676,0.05303,0.00031,0.02273,5e-05,1e-05,2.83735,2.06726,2.52848,3.06213,0,0.0017492,0.0017492,0.0017492
40,244.094,2.51168,2.53141,2.49522,2.6647,0,0.13721,0.36364,0.1815,0.0489,0.00091,0.06818,0.00015,2e-05,2.83188,1.96773,2.59388,3.06582,0,0.0017426,0.0017426,0.0017426
41,249.694,2.51585,2.61896,2.53897,2.66698,0,0.13925,0.09091,0.09126,0.03624,0.00121,0.09091,0.00015,2e-05,2.80322,2.01238,2.64106,3.08991,0,0.001736,0.001736,0.001736
42,255.268,2.44649,2.5992,2.64249,2.6589,0,0.01577,0.52273,0.02752,0.00679,0.00121,0.09091,0.00017,2e-05,2.95165,2.07635,2.93876,3.22707,0,0.0017294,0.0017294,0.0017294
43,260.789,2.36096,2.55088,2.49923,2.60409,0,0.01577,0.52273,0.02752,0.00679,0.00121,0.09091,0.00017,2e-05,2.95165,2.07635,2.93876,3.22707,0,0.0017228,0.0017228,0.0017228
44,266.396,2.43422,2.48626,2.38937,2.58704,0,0.02382,0.47727,0.03857,0.00872,0.00121,0.09091,0.00013,1e-05,3.08959,2.03308,3.00013,3.32533,0,0.0017162,0.0017162,0.0017162
45,271.925,2.46861,2.51702,2.52106,2.63845,0,0.01448,0.09091,0.00671,0.0012,0.00061,0.04545,7e-05,1e-05,3.90317,3.67206,3.75445,5.68983,0,0.0017096,0.0017096,0.0017096
46,277.5,2.49424,2.54121,2.53742,2.66196,0,0.00825,0.11364,0.00902,0.00126,0.00033,0.02273,2e-05,1e-05,3.86633,3.30511,3.67334,4.87805,0,0.001703,0.001703,0.001703
47,283.068,2.37176,2.45198,2.4395,2.60406,0,0.0273,0.09091,0.0151,0.0024,0.00036,0.02273,7e-05,2e-05,3.51731,3.08836,3.40845,4.04684,0,0.0016964,0.0016964,0.0016964
48,288.786,2.38417,2.44851,2.40357,2.57574,0,0.0273,0.09091,0.0151,0.0024,0.00036,0.02273,7e-05,2e-05,3.51731,3.08836,3.40845,4.04684,0,0.0016898,0.0016898,0.0016898
49,294.402,2.39136,2.61741,2.41063,2.54529,0,0.06062,0.09091,0.04725,0.00918,0.00072,0.04545,0.00023,6e-05,3.02991,2.7184,2.84193,3.39373,0,0.0016832,0.0016832,0.0016832
50,300.049,2.40387,2.4623,2.40281,2.61019,0,0.06154,0.11364,0.03503,0.01006,0.00066,0.02273,0.00016,3e-05,3.11791,3.27584,3.09209,3.68214,0,0.0016766,0.0016766,0.0016766
51,305.732,2.3621,2.51887,2.49065,2.59565,0,0.03548,0.13636,0.02569,0.00567,0.0003,0.02273,2e-05,1e-05,3.21589,3.73699,3.67736,3.9151,0,0.00167,0.00167,0.00167
52,311.231,2.37957,2.54968,2.37674,2.53685,0,0.0345,0.18182,0.04184,0.00932,0.0003,0.02273,1e-05,1e-05,3.02439,2.82011,3.34397,3.44387,0,0.0016634,0.0016634,0.0016634
53,316.806,2.28691,2.42859,2.41082,2.51198,0,0.13754,0.22727,0.10409,0.03874,0.00031,0.02273,1e-05,0,2.75133,2.2645,3.87437,3.00962,0,0.0016568,0.0016568,0.0016568
54,322.372,2.35698,2.47582,2.48302,2.54231,0,0.13754,0.22727,0.10409,0.03874,0.00031,0.02273,1e-05,0,2.75133,2.2645,3.87437,3.00962,0,0.0016502,0.0016502,0.0016502
55,327.798,2.39786,2.46709,2.40406,2.52332,0,0.15104,0.31818,0.15772,0.04822,0.00031,0.02273,1e-05,0,2.77484,2.17597,3.65,3.03875,0,0.0016436,0.0016436,0.0016436
56,333.415,2.3555,2.51342,2.37658,2.47308,0,0.1422,0.25,0.09375,0.03762,0.0003,0.02273,3e-05,1e-05,2.74289,2.0679,2.89396,3.00663,0,0.001637,0.001637,0.001637
57,338.98,2.29435,2.31337,2.38949,2.47202,0,0.08956,0.10295,0.08122,0.0275,0.0003,0.02273,5e-05,1e-05,2.95035,2.16399,2.87683,3.1478,0,0.0016304,0.0016304,0.0016304
58,344.736,2.28029,2.44479,2.41838,2.45768,0,0.1649,0.09892,0.07428,0.0261,0.00061,0.04545,6e-05,1e-05,2.78329,1.9537,2.92236,3.00472,0,0.0016238,0.0016238,0.0016238
59,350.253,2.29392,2.56084,2.44043,2.47399,0,0.1649,0.09892,0.07428,0.0261,0.00061,0.04545,6e-05,1e-05,2.78329,1.9537,2.92236,3.00472,0,0.0016172,0.0016172,0.0016172
60,355.88,2.29172,2.47008,2.39605,2.48157,0,0.09791,0.22727,0.0521,0.01673,0.00152,0.11364,0.00033,8e-05,2.72125,1.86919,2.94925,2.95979,0,0.0016106,0.0016106,0.0016106
61,361.381,2.23796,2.35309,2.45084,2.45139,0,0.11247,0.31818,0.12898,0.04494,0.00152,0.11364,0.00045,0.00011,2.61085,1.87319,2.84974,2.86118,0,0.001604,0.001604,0.001604
62,367.043,2.21163,2.39577,2.2736,2.3826,0,0.13833,0.27273,0.10616,0.0371,0.00162,0.11364,0.0007,0.00013,2.5536,1.90817,2.72978,2.81159,0,0.0015974,0.0015974,0.0015974
63,372.502,2.22402,2.41597,2.37221,2.459,0,0.14635,0.27273,0.11809,0.03954,0.00299,0.11364,0.00081,0.00012,2.54265,1.8875,2.6197,2.81388,0,0.0015908,0.0015908,0.0015908
64,377.995,2.26239,2.26624,2.29843,2.45031,0,0.14635,0.27273,0.11809,0.03954,0.00299,0.11364,0.00081,0.00012,2.54265,1.8875,2.6197,2.81388,0,0.0015842,0.0015842,0.0015842
65,383.628,2.34247,2.49148,2.42145,2.50666,0,0.14942,0.22727,0.10148,0.03288,0.0063,0.09091,0.00096,0.00016,2.52649,1.80374,2.7214,2.73959,0,0.0015776,0.0015776,0.0015776
66,389.202,2.13432,2.4236,2.34614,2.38057,0,0.08866,0.29545,0.08694,0.0281,0.00478,0.09091,0.00072,0.00014,2.58205,1.80498,2.99567,2.71902,0,0.001571,0.001571,0.001571
67,394.785,2.19955,2.44321,2.33492,2.39103,0,0.09104,0.11364,0.07441,0.02622,0.00182,0.13636,0.00029,5e-05,2.62542,1.88414,3.34833,2.79609,0,0.0015644,0.0015644,0.0015644
68,400.395,2.14618,2.31293,2.28763,2.34094,0,0.08696,0.15909,0.0717,0.02002,0.00152,0.11364,0.00018,4e-05,2.53415,1.90681,3.36809,2.78328,0,0.0015578,0.0015578,0.0015578
69,406.153,2.23183,2.30806,2.28861,2.37471,0,0.05211,0.36364,0.04071,0.00991,0.00061,0.04545,3e-05,0,2.6358,2.00874,3.26136,2.88717,0,0.0015512,0.0015512,0.0015512
70,411.642,2.22788,2.38423,2.44355,2.43859,0,0.05211,0.36364,0.04071,0.00991,0.00061,0.04545,3e-05,0,2.6358,2.00874,3.26136,2.88717,0,0.0015446,0.0015446,0.0015446
71,417.069,2.14841,2.33984,2.4224,2.384,0,0.01956,0.61364,0.02586,0.00622,0.0003,0.02273,2e-05,0,2.80275,2.04171,3.01407,2.99365,0,0.001538,0.001538,0.001538
72,422.576,2.15554,2.29338,2.30671,2.37628,0,0.06348,0.25,0.04048,0.00778,0.00075,0.04545,0.00024,2e-05,2.82186,2.02381,3.04806,2.98701,0,0.0015314,0.0015314,0.0015314
73,428.223,2.16023,2.29031,2.30836,2.36211,0,0.09291,0.25,0.07497,0.02168,0.00152,0.11364,0.00031,4e-05,2.60623,1.9175,2.83173,2.76345,0,0.0015248,0.0015248,0.0015248
74,433.789,2.16694,2.43232,2.27416,2.29093,0,0.12515,0.22727,0.07886,0.02837,0.00149,0.09091,0.00035,6e-05,2.53122,1.80172,2.89439,2.71077,0,0.0015182,0.0015182,0.0015182
75,439.293,2.27503,2.48345,2.364,2.37397,0,0.12515,0.22727,0.07886,0.02837,0.00149,0.09091,0.00035,6e-05,2.53122,1.80172,2.89439,2.71077,0,0.0015116,0.0015116,0.0015116
76,444.762,2.16046,2.4024,2.30614,2.37923,0,0.14874,0.25,0.07822,0.02511,0.00734,0.02273,0.00123,0.00024,2.56267,1.77788,2.8947,2.77559,0,0.001505,0.001505,0.001505
77,450.497,2.1446,2.39265,2.32736,2.3372,0,0.06851,0.20455,0.04053,0.01217,0.00294,0.02273,0.00142,0.00028,2.59068,1.80094,2.90804,2.79686,0,0.0014984,0.0014984,0.0014984
78,456.126,2.14717,2.31581,2.2641,2.32232,0,0.01819,0.22727,0.01338,0.00416,0.00091,0.04545,0.00018,2e-05,2.52656,1.90011,3.08295,2.80579,0,0.0014918,0.0014918,0.0014918
79,461.744,2.08507,2.32861,2.2598,2.24713,0,0.07251,0.15909,0.05529,0.01157,0.00091,0.06818,0.00013,2e-05,2.61756,1.83688,2.96988,2.82772,0,0.0014852,0.0014852,0.0014852
80,467.365,2.23724,2.34192,2.37807,2.40672,0,0.07251,0.15909,0.05529,0.01157,0.00091,0.06818,0.00013,2e-05,2.61756,1.83688,2.96988,2.82772,0,0.0014786,0.0014786,0.0014786
81,472.87,2.19118,2.37818,2.37432,2.38423,0,0.10467,0.22727,0.07235,0.01686,0.00322,0.09091,0.0006,9e-05,2.68599,1.80018,2.85829,2.92016,0,0.001472,0.001472,0.001472
82,478.385,2.16142,2.25791,2.32403,2.36519,0,0.0948,0.56818,0.09331,0.02604,0.00518,0.09091,0.00096,0.00013,2.65742,1.81084,2.84367,2.85607,0,0.0014654,0.0014654,0.0014654
83,484.061,2.09451,2.28055,2.27376,2.35482,0,0.12915,0.43182,0.10582,0.03323,0.00229,0.05699,0.00039,8e-05,2.60366,1.80069,2.69352,2.78523,0,0.0014588,0.0014588,0.0014588
84,489.635,2.10668,2.30213,2.27702,2.32391,0,0.10718,0.36364,0.0983,0.03729,0.00619,0.02273,0.00126,0.00016,2.45179,1.76224,2.63537,2.65442,0,0.0014522,0.0014522,0.0014522
85,495.393,2.06759,2.26573,2.23619,2.24799,0,0.16307,0.29545,0.11042,0.03605,0.00465,0.02273,0.00074,9e-05,2.44654,1.77636,2.61192,2.69527,0,0.0014456,0.0014456,0.0014456
86,500.907,2.13274,2.35495,2.28777,2.32543,0,0.16307,0.29545,0.11042,0.03605,0.00465,0.02273,0.00074,9e-05,2.44654,1.77636,2.61192,2.69527,0,0.001439,0.001439,0.001439
87,506.455,2.059,2.36243,2.27319,2.25686,0,0.14215,0.29545,0.07614,0.02534,0.00486,0.09091,0.00073,0.00011,2.48186,1.81547,2.66414,2.75212,0,0.0014324,0.0014324,0.0014324
88,511.932,2.08824,2.36992,2.21865,2.31472,0,0.13684,0.36031,0.09078,0.0264,0.00282,0.20455,0.00203,0.00043,2.51764,1.80718,2.68481,2.76125,0,0.0014258,0.0014258,0.0014258
89,517.724,2.11806,2.35474,2.19888,2.29721,0,0.09272,0.11364,0.06375,0.02036,0.0044,0.13636,0.00218,0.0004,2.48843,1.84894,2.78292,2.732,0,0.0014192,0.0014192,0.0014192
90,523.289,2.10512,2.33121,2.20549,2.31369,0,0.16338,0.04545,0.05856,0.02093,0.00218,0.13636,0.00099,0.00018,2.59225,1.85952,2.97244,2.82253,0,0.0014126,0.0014126,0.0014126
91,528.857,2.12862,2.21756,2.18971,2.3256,0,0.16338,0.04545,0.05856,0.02093,0.00218,0.13636,0.00099,0.00018,2.59225,1.85952,2.97244,2.82253,0,0.001406,0.001406,0.001406
92,534.395,2.05368,2.20495,2.17895,2.24423,0,0.14354,0.06818,0.06476,0.02514,0.00217,0.15909,0.00046,8e-05,2.58763,1.80519,3.05401,2.80747,0,0.0013994,0.0013994,0.0013994
93,539.935,2.07982,2.276,2.16034,2.26728,0,0.1195,0.06818,0.06006,0.01657,0.00221,0.13636,0.00064,0.0001,2.75522,1.75394,3.0423,2.87115,0,0.0013928,0.0013928,0.0013928
94,545.499,2.04263,2.29182,2.18067,2.22393,0,0.10776,0.18182,0.10275,0.03696,0.00432,0.11364,0.00115,0.00026,2.5731,1.72532,2.82086,2.80775,0,0.0013862,0.0013862,0.0013862
95,551.09,1.96392,2.27157,2.14986,2.2222,0,0.15504,0.31818,0.1276,0.04644,0.00684,0.09091,0.00164,0.00029,2.53688,1.70554,2.66531,2.75374,0,0.0013796,0.0013796,0.0013796
96,556.67,2.14813,2.36886,2.242,2.36637,0,0.15504,0.31818,0.1276,0.04644,0.00684,0.09091,0.00164,0.00029,2.53688,1.70554,2.66531,2.75374,0,0.001373,0.001373,0.001373
97,562.258,2.03277,2.31237,2.16225,2.21229,0,0.16012,0.29545,0.15322,0.04916,0.00675,0.09091,0.00125,0.00022,2.55399,1.70487,2.55727,2.76103,0,0.0013664,0.0013664,0.0013664
98,567.976,1.99001,2.26505,2.13996,2.22207,0,0.17259,0.27273,0.1453,0.05364,0.00403,0.11364,0.00101,0.00015,2.51577,1.71416,2.59261,2.7043,0,0.0013598,0.0013598,0.0013598
99,573.767,2.10797,2.30993,2.14606,2.23677,0,0.13119,0.27273,0.13085,0.04764,0.00384,0.06818,0.00078,0.00011,2.55753,1.75581,2.68801,2.72293,0,0.0013532,0.0013532,0.0013532
100,579.953,2.04235,2.30056,2.11941,2.21042,0,0.10594,0.22727,0.08775,0.02956,0.00074,0.02273,0.00014,2e-05,2.51862,1.84474,2.75505,2.69037,0,0.0013466,0.0013466,0.0013466
101,585.906,1.9903,2.22555,2.04668,2.14561,0,0.0871,0.40909,0.09093,0.02429,0.00383,0.02273,0.00049,0.0001,2.45061,1.87299,2.79662,2.67111,0,0.00134,0.00134,0.00134
102,591.466,2.04104,2.24694,2.13696,2.18908,0,0.0871,0.40909,0.09093,0.02429,0.00383,0.02273,0.00049,0.0001,2.45061,1.87299,2.79662,2.67111,0,0.0013334,0.0013334,0.0013334
103,596.992,2.02869,2.31786,2.12221,2.17644,0,0.09656,0.34091,0.11208,0.03381,0.00464,0.04545,0.00098,0.00018,2.38383,1.77417,2.72294,2.61951,0,0.0013268,0.0013268,0.0013268
104,601.794,2.03293,2.28984,2.02927,2.14202,0,0.1608,0.29545,0.15748,0.05585,0.00572,0.11364,0.00203,0.00032,2.35862,1.7452,2.63602,2.60626,0,0.0013202,0.0013202,0.0013202
105,606.709,1.98127,2.296,2.0587,2.15176,0,0.19299,0.43182,0.15577,0.05122,0.00309,0.22727,0.00133,0.00022,2.50084,1.76503,2.56838,2.65721,0,0.0013136,0.0013136,0.0013136
106,611.519,1.95313,2.27664,2.03031,2.12822,0,0.12196,0.22727,0.12699,0.04275,0.00321,0.11364,0.00079,0.00012,2.42247,1.74673,2.71151,2.62254,0,0.001307,0.001307,0.001307
107,616.236,1.94273,2.24787,2.08292,2.11916,0,0.12196,0.22727,0.12699,0.04275,0.00321,0.11364,0.00079,0.00012,2.42247,1.74673,2.71151,2.62254,0,0.0013004,0.0013004,0.0013004
108,621.04,2.06645,2.30468,2.16049,2.15569,0,0.13894,0.1871,0.11826,0.03824,0.00346,0.13636,0.001,0.00017,2.40929,1.7146,2.82142,2.62135,0,0.0012938,0.0012938,0.0012938
109,625.895,2.02075,2.29171,2.08329,2.13673,0,0.16353,0.22727,0.12653,0.03869,0.00702,0.09091,0.00117,0.00021,2.44619,1.71544,2.79427,2.66453,0,0.0012872,0.0012872,0.0012872
110,630.787,2.08965,2.21609,2.03742,2.18563,0,0.20059,0.31818,0.16487,0.05375,0.01249,0.09091,0.00274,0.00037,2.38782,1.74126,2.54176,2.65955,0,0.0012806,0.0012806,0.0012806
111,635.714,2.10124,2.26047,2.09115,2.24333,0,0.12426,0.34091,0.13602,0.04708,0.00756,0.02273,0.00104,0.00015,2.31044,1.77502,2.54365,2.62101,0,0.001274,0.001274,0.001274
112,640.519,2.02179,2.27513,2.01662,2.14374,0,0.12426,0.34091,0.13602,0.04708,0.00756,0.02273,0.00104,0.00015,2.31044,1.77502,2.54365,2.62101,0,0.0012674,0.0012674,0.0012674
113,645.441,1.95572,2.31463,2.08857,2.15538,0,0.11728,0.27273,0.1138,0.03654,0.00768,0.06818,0.00097,0.00014,2.22065,1.78079,2.56619,2.57115,0,0.0012608,0.0012608,0.0012608
114,650.219,1.87265,2.21661,2.04221,2.06533,0,0.16116,0.26206,0.13576,0.04477,0.00635,0.09091,0.00095,0.00019,2.24201,1.71598,2.55373,2.59661,0,0.0012542,0.0012542,0.0012542
115,655.086,1.96486,2.24851,2.04462,2.15806,0,0.19777,0.31818,0.17441,0.05671,0.00604,0.09091,0.00096,0.00017,2.29636,1.73036,2.76223,2.61083,0,0.0012476,0.0012476,0.0012476
116,659.971,1.91816,2.28796,2.03238,2.11768,0,0.26142,0.22727,0.18456,0.05132,0.00751,0.02273,0.00089,0.00012,2.38523,1.73631,2.89609,2.65087,0,0.001241,0.001241,0.001241
117,664.868,1.8805,2.19453,1.95455,2.11697,0,0.19871,0.22727,0.13996,0.04933,0.00486,0.02273,0.00065,8e-05,2.36347,1.74086,2.84132,2.62734,0,0.0012344,0.0012344,0.0012344
118,669.551,1.93322,2.28883,2.07988,2.11317,0,0.19871,0.22727,0.13996,0.04933,0.00486,0.02273,0.00065,8e-05,2.36347,1.74086,2.84132,2.62734,0,0.0012278,0.0012278,0.0012278
119,674.458,1.93213,2.28932,2.05067,2.13953,0,0.14024,0.22727,0.12165,0.04854,0.00364,0.11364,0.00063,0.00011,2.30688,1.72721,2.65079,2.63119,0,0.0012212,0.0012212,0.0012212
120,679.194,1.88907,2.14856,1.99833,2.12839,0,0.17588,0.18182,0.15887,0.05471,0.01116,0.06818,0.00148,0.00029,2.32004,1.74124,2.50465,2.66745,0,0.0012146,0.0012146,0.0012146
121,683.982,1.97182,2.2045,2.02787,2.17943,0,0.21389,0.29545,0.17176,0.05646,0.04867,0.06818,0.01047,0.00131,2.33682,1.78558,2.53515,2.6644,0,0.001208,0.001208,0.001208
122,688.866,1.96279,2.23258,2.04014,2.14402,0,0.27708,0.25,0.19685,0.08071,0.05196,0.06818,0.0295,0.00314,2.43761,1.80085,2.62889,2.73047,0,0.0012014,0.0012014,0.0012014
123,693.816,2.01702,2.36414,2.08997,2.16771,0,0.27708,0.25,0.19685,0.08071,0.05196,0.06818,0.0295,0.00314,2.43761,1.80085,2.62889,2.73047,0,0.0011948,0.0011948,0.0011948
124,698.621,1.89272,2.2098,1.99827,2.04495,0,0.25385,0.22727,0.16813,0.07696,0.14859,0.02273,0.01563,0.00185,2.4719,1.79135,2.7651,2.76979,0,0.0011882,0.0011882,0.0011882
125,703.416,1.93926,2.13978,2.02118,2.10908,0,0.24903,0.20455,0.1988,0.0831,0.01225,0.04545,0.00149,0.0004,2.42674,1.76921,2.71237,2.67384,0,0.0011816,0.0011816,0.0011816
126,708.256,1.88686,2.2271,1.94835,2.04657,0,0.17744,0.38636,0.16276,0.06388,0.01702,0.11364,0.00273,0.0005,2.35737,1.72317,2.81279,2.60677,0,0.001175,0.001175,0.001175
127,713.158,1.84171,2.054,1.88555,2.01621,0,0.1572,0.33494,0.1342,0.04415,0.02872,0.04545,0.00539,0.00108,2.3384,1.71972,2.86554,2.61291,0,0.0011684,0.0011684,0.0011684
128,717.926,1.91822,2.10595,1.95979,2.05075,0,0.1572,0.33494,0.1342,0.04415,0.02872,0.04545,0.00539,0.00108,2.3384,1.71972,2.86554,2.61291,0,0.0011618,0.0011618,0.0011618
129,722.881,1.91933,2.28744,1.98607,2.04662,0,0.11934,0.27273,0.14311,0.03956,0.0155,0.13636,0.00375,0.00063,2.29616,1.73147,2.95823,2.59365,0,0.0011552,0.0011552,0.0011552
130,727.73,1.90939,2.17179,2.03397,2.09315,0,0.12106,0.43182,0.13532,0.04114,0.01383,0.02273,0.00225,0.00033,2.30484,1.78145,2.85093,2.62662,0,0.0011486,0.0011486,0.0011486
131,732.478,1.90534,2.24665,2.02181,2.10734,0,0.13617,0.40909,0.12404,0.04573,0.00848,0.02273,0.00111,0.00017,2.38425,1.83086,2.8263,2.64805,0,0.001142,0.001142,0.001142
132,737.336,1.9359,2.21024,2.00666,2.14691,0,0.13742,0.47792,0.12994,0.04755,0.00547,0.02273,0.0008,0.0001,2.3989,1.80551,2.73491,2.68018,0,0.0011354,0.0011354,0.0011354
133,742.187,1.85651,2.18955,1.91929,2.00179,0,0.20051,0.43182,0.21318,0.08029,0.01733,0.04545,0.00295,0.00033,2.25166,1.74527,2.44228,2.55841,0,0.0011288,0.0011288,0.0011288
134,747.058,1.95314,2.24383,2.00939,2.12532,0,0.20051,0.43182,0.21318,0.08029,0.01733,0.04545,0.00295,0.00033,2.25166,1.74527,2.44228,2.55841,0,0.0011222,0.0011222,0.0011222
135,751.796,1.93622,2.29746,1.95893,2.01454,0,0.17089,0.29545,0.15512,0.05883,0.03151,0.02273,0.00426,0.00056,2.23052,1.68445,2.38439,2.52495,0,0.0011156,0.0011156,0.0011156
136,756.621,1.90704,2.24513,1.96055,2.06789,0,0.17369,0.22727,0.14915,0.05562,0.02534,0.11364,0.00583,0.00084,2.26008,1.67791,2.44907,2.55149,0,0.001109,0.001109,0.001109
137,761.396,1.89261,2.19434,1.90627,2.04258,0,0.19566,0.33179,0.16893,0.06744,0.01432,0.06818,0.00354,0.0006,2.22457,1.69172,2.41176,2.51137,0,0.0011024,0.0011024,0.0011024
138,766.168,1.91593,2.20659,1.97773,2.09137,0,0.16391,0.36364,0.19192,0.07938,0.02007,0.09091,0.00465,0.00077,2.19616,1.70159,2.39159,2.50385,0,0.0010958,0.0010958,0.0010958
139,771.058,1.88164,2.11642,1.92059,2.04695,0,0.16391,0.36364,0.19192,0.07938,0.02007,0.09091,0.00465,0.00077,2.19616,1.70159,2.39159,2.50385,0,0.0010892,0.0010892,0.0010892
140,775.866,1.98321,2.2871,1.93521,2.08716,0,0.26577,0.36364,0.28144,0.09956,0.08643,0.02273,0.00685,0.00178,2.21654,1.68713,2.36167,2.52258,0,0.0010826,0.0010826,0.0010826
141,780.86,1.91333,2.1969,1.89584,2.04751,0,0.26313,0.25,0.25816,0.1105,0.1621,0.02273,0.02692,0.00787,2.34543,1.68988,2.33633,2.64637,0,0.001076,0.001076,0.001076
142,785.805,1.89629,2.21093,1.91563,2.05285,0,0.24684,0.29799,0.23566,0.09033,0.11106,0.02273,0.00739,0.00142,2.47883,1.72026,2.456,2.68611,0,0.0010694,0.0010694,0.0010694
143,790.628,1.88725,2.19576,1.89085,2.04381,0,0.26162,0.25,0.19752,0.07766,0.00769,0.06818,0.0015,0.00019,2.39575,1.69843,2.58351,2.61584,0,0.0010628,0.0010628,0.0010628
144,795.468,1.82943,2.23235,1.85005,1.95598,0,0.26162,0.25,0.19752,0.07766,0.00769,0.06818,0.0015,0.00019,2.39575,1.69843,2.58351,2.61584,0,0.0010562,0.0010562,0.0010562
145,800.282,1.86159,2.24359,1.84735,2.02211,0,0.26478,0.22727,0.21878,0.08835,0.00868,0.13636,0.00247,0.0005,2.21218,1.68138,2.56764,2.5356,0,0.0010496,0.0010496,0.0010496
146,805.05,1.89029,2.22246,1.87704,2.01594,0,0.24103,0.29545,0.22725,0.08703,0.012,0.09091,0.00268,0.00048,2.14949,1.68113,2.59649,2.44419,0,0.001043,0.001043,0.001043
147,809.873,1.84894,2.0658,1.90968,2.06439,0,0.24644,0.29545,0.23235,0.06972,0.01735,0.11364,0.00307,0.00049,2.20435,1.6746,2.50528,2.45694,0,0.0010364,0.0010364,0.0010364
148,814.822,1.87375,2.12642,1.8713,2.02941,0,0.156,0.22727,0.13041,0.04659,0.0116,0.06818,0.00262,0.00041,2.33379,1.69118,2.49806,2.51369,0,0.0010298,0.0010298,0.0010298
149,819.673,1.88122,2.20982,1.84741,2.06531,0,0.18342,0.29545,0.15952,0.05466,0.00644,0.02273,0.00159,0.00026,2.33466,1.68752,2.41442,2.54278,0,0.0010232,0.0010232,0.0010232
150,824.394,1.85103,2.19623,1.87478,2.01312,0,0.18342,0.29545,0.15952,0.05466,0.00644,0.02273,0.00159,0.00026,2.33466,1.68752,2.41442,2.54278,0,0.0010166,0.0010166,0.0010166
151,829.165,1.86009,2.181,1.82094,2.01608,0,0.22149,0.34091,0.16592,0.05815,0.03994,0.06818,0.00764,0.00098,2.25689,1.66425,2.41634,2.49998,0,0.00101,0.00101,0.00101
152,833.973,1.84815,2.2,1.84523,2.05382,0,0.19245,0.22727,0.14685,0.05141,0.06042,0.11364,0.01324,0.00236,2.27306,1.6527,2.47995,2.52694,0,0.0010034,0.0010034,0.0010034
153,838.825,1.85809,2.10219,1.83924,2.02254,0,0.18876,0.38636,0.15985,0.05927,0.05408,0.04545,0.00984,0.00129,2.29188,1.68578,2.53157,2.56052,0,0.0009968,0.0009968,0.0009968
154,843.846,1.79959,2.1248,1.86164,1.9752,0,0.21185,0.36364,0.16289,0.06157,0.00858,0.06818,0.00144,0.00028,2.32772,1.70415,2.52528,2.58144,0,0.0009902,0.0009902,0.0009902
155,848.717,1.80702,2.10858,1.79383,1.95856,0,0.21185,0.36364,0.16289,0.06157,0.00858,0.06818,0.00144,0.00028,2.32772,1.70415,2.52528,2.58144,0,0.0009836,0.0009836,0.0009836
156,853.584,1.88501,2.174,1.83042,2.00552,0,0.22152,0.29545,0.18394,0.06688,0.01998,0.02273,0.00263,0.00042,2.29796,1.69295,2.41871,2.54359,0,0.000977,0.000977,0.000977
157,858.423,1.80986,2.07568,1.8335,1.99102,0,0.23852,0.47727,0.18815,0.06659,0.05929,0.02273,0.0054,0.00083,2.25088,1.67174,2.32595,2.53853,0,0.0009704,0.0009704,0.0009704
158,863.188,1.77955,2.06394,1.80064,1.94569,0,0.19684,0.34091,0.20725,0.06968,0.02536,0.15909,0.00436,0.00095,2.30276,1.66875,2.28631,2.582,0,0.0009638,0.0009638,0.0009638
159,868.025,1.88785,2.16584,1.84134,2.0299,0,0.22349,0.34091,0.2229,0.07267,0.14472,0.02273,0.01291,0.0018,2.30017,1.68545,2.32396,2.56775,0,0.0009572,0.0009572,0.0009572
160,872.826,1.82038,2.15148,1.80166,1.97886,0,0.22349,0.34091,0.2229,0.07267,0.14472,0.02273,0.01291,0.0018,2.30017,1.68545,2.32396,2.56775,0,0.0009506,0.0009506,0.0009506
161,877.734,1.88071,2.27226,1.88898,2.02799,0,0.25988,0.36364,0.20235,0.06561,0.06027,0.02273,0.00579,0.00083,2.2132,1.69161,2.41458,2.52825,0,0.000944,0.000944,0.000944
162,882.619,1.81547,2.24388,1.76139,1.93234,0,0.27199,0.34091,0.18637,0.06862,0.02617,0.11364,0.00462,0.00082,2.26381,1.7077,2.47491,2.56486,0,0.0009374,0.0009374,0.0009374
163,887.48,1.82684,2.13692,1.73229,1.92232,0,0.23909,0.35713,0.16118,0.05984,0.0558,0.08602,0.00733,0.00122,2.35172,1.70343,2.49764,2.61061,0,0.0009308,0.0009308,0.0009308
164,892.334,1.80033,2.13564,1.76958,1.98815,0,0.20166,0.36364,0.18345,0.05992,0.08844,0.11364,0.01744,0.00205,2.28506,1.67776,2.50681,2.52353,0,0.0009242,0.0009242,0.0009242
165,897.024,1.88208,2.2151,1.88952,2.06157,0,0.19832,0.39361,0.19095,0.0659,0.04708,0.09091,0.01475,0.0024,2.14474,1.6645,2.50258,2.46046,0,0.0009176,0.0009176,0.0009176
166,901.74,1.80986,2.12349,1.81766,1.96508,0,0.19832,0.39361,0.19095,0.0659,0.04708,0.09091,0.01475,0.0024,2.14474,1.6645,2.50258,2.46046,0,0.000911,0.000911,0.000911
167,906.648,1.79863,2.16752,1.85293,1.95896,0,0.22902,0.45455,0.22638,0.08101,0.06916,0.15909,0.02554,0.0033,2.12496,1.66344,2.44646,2.44967,0,0.0009044,0.0009044,0.0009044
168,911.472,1.86652,2.13946,1.80041,1.99569,0,0.28154,0.28513,0.21442,0.08635,0.06232,0.06818,0.01254,0.00213,2.16157,1.67178,2.38225,2.42839,0,0.0008978,0.0008978,0.0008978
169,916.348,1.82458,2.16678,1.75115,1.92909,0,0.27784,0.38636,0.22468,0.09043,0.06452,0.11364,0.01245,0.00188,2.10938,1.68016,2.37215,2.36591,0,0.0008912,0.0008912,0.0008912
170,921.177,1.80153,2.10865,1.76832,1.95444,0,0.26253,0.43182,0.22407,0.08662,0.03145,0.06818,0.00522,0.00089,2.08234,1.68033,2.34871,2.34597,0,0.0008846,0.0008846,0.0008846
171,926.044,1.82952,2.0933,1.80858,2.00168,0,0.26253,0.43182,0.22407,0.08662,0.03145,0.06818,0.00522,0.00089,2.08234,1.68033,2.34871,2.34597,0,0.000878,0.000878,0.000878
172,930.843,1.7951,2.10448,1.72578,1.93029,0,0.23771,0.45455,0.22701,0.08673,0.04556,0.09091,0.00757,0.00116,2.11697,1.64602,2.28073,2.35754,0,0.0008714,0.0008714,0.0008714
173,935.656,1.6996,1.95044,1.66631,1.87919,0,0.27081,0.5,0.22759,0.08669,0.04937,0.04545,0.00673,0.00104,2.23152,1.63735,2.25891,2.38283,0,0.0008648,0.0008648,0.0008648
174,940.388,1.88428,2.18607,1.77445,1.98641,0,0.24198,0.39183,0.21769,0.09207,0.10532,0.04545,0.01696,0.00293,2.25958,1.62488,2.23116,2.40781,0,0.0008582,0.0008582,0.0008582
175,945.235,1.74045,1.96734,1.71561,1.91065,0,0.2122,0.31818,0.1705,0.07739,0.09781,0.04545,0.01441,0.00255,2.21763,1.61959,2.30858,2.37972,0,0.0008516,0.0008516,0.0008516
176,949.955,1.74007,2.0158,1.76867,1.95131,0,0.2122,0.31818,0.1705,0.07739,0.09781,0.04545,0.01441,0.00255,2.21763,1.61959,2.30858,2.37972,0,0.000845,0.000845,0.000845
177,954.804,1.66118,2.02726,1.59667,1.8654,0,0.23467,0.31818,0.15512,0.08095,0.10832,0.02273,0.00801,0.00142,2.17987,1.61848,2.40083,2.36681,0,0.0008384,0.0008384,0.0008384
178,959.543,1.78317,2.05884,1.7263,1.92736,0,0.27036,0.25,0.15218,0.08079,0.08833,0.02273,0.00506,0.00097,2.21208,1.62688,2.53913,2.42224,0,0.0008318,0.0008318,0.0008318
179,964.623,1.82614,2.11457,1.70517,1.98166,0,0.26044,0.25,0.17877,0.09027,0.11443,0.02273,0.00626,0.00122,2.12088,1.63778,2.52421,2.39773,0,0.0008252,0.0008252,0.0008252
180,969.443,1.71691,1.99847,1.62384,1.88343,0,0.31245,0.25,0.20657,0.09902,0.15632,0.02273,0.01104,0.00291,2.0518,1.64618,2.40248,2.38782,0,0.0008186,0.0008186,0.0008186
181,974.348,1.75455,2.15889,1.66155,1.87764,0,0.32389,0.20455,0.20549,0.10233,0.04557,0.06818,0.01347,0.00305,2.06963,1.64939,2.41378,2.41523,0,0.000812,0.000812,0.000812
182,979.164,1.7555,1.92644,1.69758,1.91002,0,0.32389,0.20455,0.20549,0.10233,0.04557,0.06818,0.01347,0.00305,2.06963,1.64939,2.41378,2.41523,0,0.0008054,0.0008054,0.0008054
183,983.937,1.77233,2.12456,1.6777,1.94123,0,0.30955,0.31818,0.21771,0.09539,0.0915,0.11364,0.02973,0.00638,2.10557,1.65009,2.46311,2.42834,0,0.0007988,0.0007988,0.0007988
184,988.614,1.76856,2.09659,1.61639,1.90021,0,0.2946,0.31818,0.22954,0.09742,0.08943,0.13636,0.03316,0.00699,2.20772,1.64766,2.48836,2.47426,0,0.0007922,0.0007922,0.0007922
185,993.49,1.71885,2.22962,1.71528,1.88507,0,0.32772,0.29921,0.2762,0.11499,0.0723,0.04545,0.02199,0.00551,2.28537,1.6439,2.43797,2.50165,0,0.0007856,0.0007856,0.0007856
186,998.335,1.79641,2.08171,1.73358,1.91944,0,0.47294,0.27273,0.27418,0.11989,0.02333,0.09091,0.00836,0.00161,2.25499,1.63421,2.41595,2.48298,0,0.000779,0.000779,0.000779
187,1003.12,1.76861,2.25441,1.73662,1.94205,0,0.47294,0.27273,0.27418,0.11989,0.02333,0.09091,0.00836,0.00161,2.25499,1.63421,2.41595,2.48298,0,0.0007724,0.0007724,0.0007724
188,1007.98,1.72582,2.12687,1.65864,1.88034,0,0.41632,0.31818,0.27972,0.13536,0.07396,0.09091,0.02032,0.0024,2.13584,1.65264,2.37115,2.45895,0,0.0007658,0.0007658,0.0007658
189,1012.9,1.74174,2.10796,1.64093,1.90133,0,0.40038,0.34091,0.24065,0.11163,0.09892,0.09091,0.01792,0.00274,2.15943,1.69475,2.37662,2.4498,0,0.0007592,0.0007592,0.0007592
190,1017.8,1.72814,2.26582,1.67951,1.90303,0,0.30193,0.29545,0.18761,0.07485,0.10894,0.06818,0.02507,0.0033,2.19731,1.71028,2.43995,2.43445,0,0.0007526,0.0007526,0.0007526
191,1022.7,1.65412,2.08404,1.64049,1.84657,0,0.20836,0.38636,0.14914,0.06765,0.14201,0.18182,0.04282,0.00616,2.14655,1.69259,2.50202,2.40848,0,0.000746,0.000746,0.000746
192,1027.57,1.78493,2.17648,1.72872,1.94043,0,0.20836,0.38636,0.14914,0.06765,0.14201,0.18182,0.04282,0.00616,2.14655,1.69259,2.50202,2.40848,0,0.0007394,0.0007394,0.0007394
193,1032.42,1.77913,2.13133,1.68477,1.93167,0,0.20336,0.37717,0.1493,0.06433,0.10266,0.13636,0.02781,0.00378,2.12072,1.68062,2.54651,2.42104,0,0.0007328,0.0007328,0.0007328
194,1037.27,1.74946,2.0915,1.64535,1.88294,0,0.17951,0.34091,0.17126,0.07116,0.12116,0.11364,0.01846,0.00238,2.12273,1.65432,2.52067,2.41404,0,0.0007262,0.0007262,0.0007262
195,1041.98,1.72422,2.17519,1.59673,1.90025,0,0.22481,0.31818,0.1743,0.07458,0.06518,0.11364,0.0188,0.00313,2.15119,1.65272,2.52909,2.42527,0,0.0007196,0.0007196,0.0007196
196,1046.77,1.74203,2.1287,1.65021,1.87979,0,0.20632,0.31818,0.19602,0.0912,0.08051,0.15909,0.01686,0.00249,2.10981,1.66403,2.49939,2.4105,0,0.000713,0.000713,0.000713
197,1051.56,1.66685,2.02592,1.61687,1.8512,0,0.23295,0.36364,0.25066,0.10272,0.06377,0.09091,0.01167,0.00215,2.11627,1.65771,2.41776,2.42028,0,0.0007064,0.0007064,0.0007064
198,1056.57,1.68624,1.97811,1.59805,1.89712,0,0.23295,0.36364,0.25066,0.10272,0.06377,0.09091,0.01167,0.00215,2.11627,1.65771,2.41776,2.42028,0,0.0006998,0.0006998,0.0006998
199,1061.41,1.73516,2.03035,1.60996,1.88616,0,0.18941,0.43549,0.2419,0.10393,0.08343,0.09091,0.01361,0.00275,2.1118,1.65429,2.31044,2.43137,0,0.0006932,0.0006932,0.0006932
200,1066.32,1.69463,2.07294,1.59183,1.83993,0,0.22155,0.31818,0.20268,0.08893,0.16883,0.06818,0.03574,0.00532,2.11787,1.65641,2.23342,2.42459,0,0.0006866,0.0006866,0.0006866
201,1071.14,1.70347,2.02999,1.61057,1.90988,0,0.25664,0.31818,0.19094,0.08831,0.08094,0.11364,0.01993,0.00385,2.12417,1.63757,2.19723,2.40673,0,0.00068,0.00068,0.00068
202,1075.79,1.75667,2.11603,1.69779,1.8744,0,0.29078,0.27273,0.1911,0.08247,0.07451,0.09091,0.01933,0.00336,2.09055,1.61848,2.19364,2.40083,0,0.0006734,0.0006734,0.0006734
203,1080.55,1.66383,2.04554,1.56986,1.85922,0,0.29078,0.27273,0.1911,0.08247,0.07451,0.09091,0.01933,0.00336,2.09055,1.61848,2.19364,2.40083,0,0.0006668,0.0006668,0.0006668
204,1085.48,1.6726,1.98752,1.62277,1.88713,0,0.23008,0.38636,0.20149,0.08402,0.04014,0.09985,0.01866,0.00319,2.16019,1.61362,2.18213,2.47151,0,0.0006602,0.0006602,0.0006602
205,1090.38,1.66076,2.04631,1.54667,1.80908,0,0.23654,0.43182,0.22057,0.08348,0.04523,0.15909,0.01502,0.00294,2.14762,1.5963,2.21333,2.46511,0,0.0006536,0.0006536,0.0006536
206,1095.05,1.69558,2.07367,1.59375,1.83465,0,0.22001,0.34091,0.21026,0.07774,0.0501,0.11364,0.01226,0.00282,2.12901,1.6062,2.29953,2.44572,0,0.000647,0.000647,0.000647
207,1099.83,1.75461,2.18064,1.71795,1.9102,0,0.24889,0.43182,0.24066,0.08314,0.0524,0.09091,0.01082,0.00202,2.08324,1.62048,2.36741,2.40846,0,0.0006404,0.0006404,0.0006404
208,1104.62,1.61234,2.04891,1.55132,1.8143,0,0.24889,0.43182,0.24066,0.08314,0.0524,0.09091,0.01082,0.00202,2.08324,1.62048,2.36741,2.40846,0,0.0006338,0.0006338,0.0006338
209,1109.6,1.71064,2.11701,1.59418,1.84727,0,0.26464,0.38444,0.21726,0.08422,0.05185,0.06818,0.01364,0.00226,2.09734,1.63377,2.34769,2.42791,0,0.0006272,0.0006272,0.0006272
210,1114.47,1.63146,1.96814,1.54727,1.81445,0,0.22374,0.35382,0.21163,0.08883,0.10731,0.06818,0.02727,0.00399,2.14803,1.64081,2.29652,2.44322,0,0.0006206,0.0006206,0.0006206
211,1119.28,1.71884,2.07612,1.60085,1.8761,0,0.20208,0.32237,0.21222,0.08657,0.06082,0.0825,0.01127,0.00353,2.16118,1.65459,2.26868,2.45143,0,0.000614,0.000614,0.000614
212,1124.12,1.69611,2.08852,1.5576,1.8237,0,0.20938,0.38636,0.20198,0.08054,0.05,0.06818,0.01114,0.00301,2.16209,1.68062,2.24115,2.4695,0,0.0006074,0.0006074,0.0006074
213,1129.04,1.64176,2.04552,1.52597,1.80232,0,0.19591,0.36364,0.19296,0.08234,0.0677,0.06818,0.01224,0.00303,2.19795,1.69916,2.27285,2.4804,0,0.0006008,0.0006008,0.0006008
214,1133.76,1.64597,2.01975,1.55947,1.89905,0,0.19591,0.36364,0.19296,0.08234,0.0677,0.06818,0.01224,0.00303,2.19795,1.69916,2.27285,2.4804,0,0.0005942,0.0005942,0.0005942
215,1138.58,1.65579,2.01791,1.53611,1.88103,0,0.19261,0.40909,0.1746,0.07705,0.10768,0.06818,0.01789,0.00275,2.20735,1.70067,2.3464,2.47693,0,0.0005876,0.0005876,0.0005876
216,1143.48,1.7128,2.08555,1.53869,1.84754,0,0.20048,0.40909,0.16163,0.07066,0.12442,0.06818,0.01645,0.00275,2.26941,1.73502,2.42261,2.53274,0,0.000581,0.000581,0.000581
217,1148.35,1.7556,2.16842,1.59913,1.91308,0,0.22738,0.31818,0.15935,0.06211,0.04278,0.09091,0.01421,0.00289,2.3242,1.7276,2.37887,2.56191,0,0.0005744,0.0005744,0.0005744
218,1153.02,1.72437,2.03576,1.58216,1.85636,0,0.23769,0.34091,0.16807,0.06418,0.06688,0.04545,0.01114,0.00247,2.29788,1.70782,2.33609,2.55691,0,0.0005678,0.0005678,0.0005678
219,1157.75,1.6659,2.16332,1.56278,1.82028,0,0.23769,0.34091,0.16807,0.06418,0.06688,0.04545,0.01114,0.00247,2.29788,1.70782,2.33609,2.55691,0,0.0005612,0.0005612,0.0005612
220,1162.58,1.64574,2.08796,1.50015,1.83916,0,0.31066,0.25,0.18148,0.07308,0.09654,0.06818,0.01173,0.00253,2.30936,1.68725,2.338,2.56422,0,0.0005546,0.0005546,0.0005546
221,1167.41,1.71951,2.05932,1.52101,1.85261,0,0.31684,0.22727,0.18338,0.07526,0.13943,0.06818,0.01688,0.0027,2.29836,1.669,2.36114,2.5267,0,0.000548,0.000548,0.000548
222,1172.31,1.67768,2.00991,1.52144,1.83638,0,0.24479,0.34091,0.16802,0.07006,0.1284,0.06818,0.01542,0.00214,2.29252,1.65535,2.42578,2.49636,0,0.0005414,0.0005414,0.0005414
223,1177.2,1.66018,2.09188,1.53372,1.81135,0,0.22194,0.29545,0.2036,0.08667,0.06208,0.04545,0.00709,0.00121,2.28578,1.6446,2.39815,2.50828,0,0.0005348,0.0005348,0.0005348
224,1181.91,1.68521,2.10424,1.55264,1.84359,0,0.22194,0.29545,0.2036,0.08667,0.06208,0.04545,0.00709,0.00121,2.28578,1.6446,2.39815,2.50828,0,0.0005282,0.0005282,0.0005282
225,1186.65,1.63089,2.10684,1.56722,1.80846,0,0.26485,0.38636,0.21763,0.09015,0.13121,0.04545,0.01622,0.00283,2.22755,1.6347,2.30964,2.48818,0,0.0005216,0.0005216,0.0005216
226,1191.3,1.66962,2.10887,1.61166,1.85692,0,0.28039,0.43182,0.2241,0.09032,0.06215,0.09091,0.02343,0.00713,2.16886,1.66565,2.24685,2.46887,0,0.000515,0.000515,0.000515
227,1196.18,1.67251,2.09063,1.52709,1.82879,0,0.27752,0.34047,0.22113,0.09212,0.07811,0.09091,0.04487,0.01439,2.1764,1.68741,2.19008,2.45511,0,0.0005084,0.0005084,0.0005084
228,1200.97,1.65299,2.09325,1.49666,1.86216,0,0.27645,0.25,0.18579,0.08566,0.10102,0.09091,0.02342,0.00557,2.13968,1.68458,2.25593,2.38571,0,0.0005018,0.0005018,0.0005018
229,1205.82,1.66492,2.13394,1.58188,1.8168,0,0.3446,0.22727,0.18749,0.09237,0.1024,0.06818,0.01694,0.00504,2.06696,1.65943,2.35749,2.34569,0,0.0004952,0.0004952,0.0004952
230,1210.49,1.59237,2.00613,1.45057,1.75413,0,0.3446,0.22727,0.18749,0.09237,0.1024,0.06818,0.01694,0.00504,2.06696,1.65943,2.35749,2.34569,0,0.0004886,0.0004886,0.0004886
231,1215.3,1.64404,2.07882,1.52968,1.80957,0,0.43724,0.25,0.23574,0.12522,0.12717,0.09091,0.02182,0.0057,2.08906,1.65964,2.36658,2.34198,0,0.000482,0.000482,0.000482
232,1220.09,1.64902,2.12675,1.54641,1.85463,0,0.44039,0.27273,0.29934,0.1563,0.16731,0.11364,0.03467,0.00725,2.1202,1.66548,2.3079,2.38181,0,0.0004754,0.0004754,0.0004754
233,1224.87,1.64071,2.10249,1.5245,1.82908,0,0.60497,0.25,0.34783,0.16558,0.16084,0.11364,0.03945,0.00989,2.10219,1.667,2.25986,2.42874,0,0.0004688,0.0004688,0.0004688
234,1229.61,1.63515,2.01183,1.44934,1.75346,0,0.63247,0.22727,0.34981,0.16866,0.14963,0.11364,0.0392,0.01032,2.09212,1.66832,2.22634,2.43394,0,0.0004622,0.0004622,0.0004622
235,1234.52,1.69135,2.01131,1.60166,1.85483,0,0.63247,0.22727,0.34981,0.16866,0.14963,0.11364,0.0392,0.01032,2.09212,1.66832,2.22634,2.43394,0,0.0004556,0.0004556,0.0004556
236,1239.2,1.66814,2.03634,1.51439,1.8158,0,0.62879,0.22727,0.29847,0.14473,0.21541,0.11364,0.05129,0.01233,2.11084,1.66206,2.21242,2.44482,0,0.000449,0.000449,0.000449
237,1244.11,1.57353,1.96011,1.43774,1.74137,0,0.57487,0.22727,0.32154,0.14447,0.28357,0.11364,0.04984,0.01098,2.10332,1.66049,2.18476,2.4385,0,0.0004424,0.0004424,0.0004424
238,1248.83,1.64721,2.07285,1.50845,1.78495,0,0.58764,0.22727,0.31154,0.13451,0.15677,0.09091,0.03754,0.00733,2.08927,1.64216,2.21802,2.45212,0,0.0004358,0.0004358,0.0004358
239,1253.57,1.59001,2.04755,1.51641,1.75296,0,0.4514,0.22727,0.28415,0.12238,0.16965,0.11364,0.0286,0.00628,2.1282,1.64048,2.21444,2.4702,0,0.0004292,0.0004292,0.0004292
240,1258.35,1.66741,2.15155,1.47628,1.82344,0,0.4514,0.22727,0.28415,0.12238,0.16965,0.11364,0.0286,0.00628,2.1282,1.64048,2.21444,2.4702,0,0.0004226,0.0004226,0.0004226
241,1263.07,1.60164,1.9736,1.49607,1.81669,0,0.54453,0.20455,0.24809,0.10894,0.24574,0.09091,0.04146,0.00715,2.18158,1.65362,2.2593,2.48579,0,0.000416,0.000416,0.000416
242,1268.01,1.58284,2.08254,1.47514,1.76027,0,0.4262,0.27273,0.25426,0.12786,0.21548,0.09091,0.04263,0.01089,2.19845,1.64319,2.23787,2.4921,0,0.0004094,0.0004094,0.0004094
243,1272.76,1.61435,2.01012,1.49919,1.78602,0,0.51633,0.24286,0.23342,0.11637,0.2236,0.11364,0.04708,0.01199,2.20346,1.64714,2.25925,2.49491,0,0.0004028,0.0004028,0.0004028
244,1277.47,1.57867,1.95941,1.38427,1.75104,0,0.44967,0.25,0.24002,0.12047,0.19344,0.11364,0.04768,0.01382,2.21104,1.6471,2.23315,2.50139,0,0.0003962,0.0003962,0.0003962
245,1282.24,1.64064,2.09721,1.52302,1.8392,0,0.40619,0.25,0.27768,0.13972,0.22172,0.11364,0.04509,0.01342,2.17592,1.64743,2.22137,2.48488,0,0.0003896,0.0003896,0.0003896
246,1287.09,1.59943,1.98784,1.43488,1.74624,0,0.40619,0.25,0.27768,0.13972,0.22172,0.11364,0.04509,0.01342,2.17592,1.64743,2.22137,2.48488,0,0.000383,0.000383,0.000383
247,1291.9,1.62393,1.9664,1.48364,1.80344,0,0.22994,0.36364,0.28007,0.13446,0.1449,0.11364,0.04167,0.00818,2.11061,1.64677,2.19553,2.44899,0,0.0003764,0.0003764,0.0003764
248,1296.81,1.56206,2.01415,1.35391,1.71979,0,0.26777,0.40909,0.30493,0.14047,0.13585,0.11364,0.03596,0.01048,2.0674,1.64126,2.19213,2.42178,0,0.0003698,0.0003698,0.0003698
249,1301.55,1.59145,2.07934,1.45984,1.77562,0,0.25907,0.4451,0.3117,0.13717,0.10871,0.18182,0.03516,0.00923,2.0588,1.63895,2.22999,2.42204,0,0.0003632,0.0003632,0.0003632
250,1306.27,1.65568,2.07436,1.46604,1.77484,0,0.24861,0.38636,0.32506,0.14975,0.1015,0.15909,0.03316,0.00826,2.06707,1.63643,2.23046,2.42687,0,0.0003566,0.0003566,0.0003566
251,1311.08,1.57754,2.07336,1.43583,1.77609,0,0.24861,0.38636,0.32506,0.14975,0.1015,0.15909,0.03316,0.00826,2.06707,1.63643,2.23046,2.42687,0,0.00035,0.00035,0.00035
252,1315.91,1.60217,2.01469,1.46819,1.77841,0,0.28966,0.43182,0.34036,0.14406,0.10783,0.11364,0.04634,0.01071,2.08569,1.64069,2.2082,2.45018,0,0.0003434,0.0003434,0.0003434
253,1320.74,1.56943,2.06548,1.38553,1.73778,0,0.29605,0.47727,0.34696,0.15184,0.12765,0.13636,0.04841,0.01597,2.07936,1.63372,2.16942,2.43602,0,0.0003368,0.0003368,0.0003368
254,1325.6,1.534,1.89985,1.4105,1.77766,0,0.3074,0.40909,0.33517,0.16096,0.1813,0.11364,0.05774,0.01982,2.07733,1.61995,2.14971,2.40163,0,0.0003302,0.0003302,0.0003302
255,1330.53,1.59646,2.09773,1.46058,1.77741,0,0.30316,0.45455,0.33341,0.16014,0.1563,0.11364,0.05216,0.01606,2.07653,1.60339,2.11109,2.38991,0,0.0003236,0.0003236,0.0003236
256,1335.31,1.5406,1.86785,1.37882,1.73055,0,0.30316,0.45455,0.33341,0.16014,0.1563,0.11364,0.05216,0.01606,2.07653,1.60339,2.11109,2.38991,0,0.000317,0.000317,0.000317
257,1340.07,1.60603,2.02367,1.44275,1.77409,0,0.30893,0.47727,0.33513,0.16102,0.17698,0.11364,0.04816,0.01252,2.08682,1.5907,2.10165,2.37753,0,0.0003104,0.0003104,0.0003104
258,1344.84,1.58629,2.02695,1.41999,1.73013,0,0.27813,0.38636,0.31832,0.1618,0.16886,0.1109,0.04796,0.01269,2.08822,1.58801,2.09633,2.36538,0,0.0003038,0.0003038,0.0003038
259,1349.63,1.58285,2.02492,1.44712,1.75863,0,0.29835,0.40909,0.33151,0.15508,0.23261,0.06818,0.04845,0.01032,2.03262,1.59248,2.09947,2.33602,0,0.0002972,0.0002972,0.0002972
260,1354.47,1.52478,2.07958,1.44374,1.71982,0,0.295,0.40909,0.32386,0.1532,0.08057,0.06818,0.03435,0.00986,2.02373,1.5996,2.07073,2.32571,0,0.0002906,0.0002906,0.0002906
261,1359.26,1.56981,1.9884,1.41782,1.72698,0,0.32379,0.34091,0.31378,0.14953,0.08837,0.09091,0.03402,0.00918,2.01519,1.60556,2.05922,2.32277,0,0.000284,0.000284,0.000284
262,1364.09,1.58409,2.0323,1.42644,1.74616,0,0.32379,0.34091,0.31378,0.14953,0.08837,0.09091,0.03402,0.00918,2.01519,1.60556,2.05922,2.32277,0,0.0002774,0.0002774,0.0002774
263,1368.83,1.56892,2.00949,1.3837,1.74219,0,0.36144,0.31818,0.30219,0.13778,0.10782,0.09091,0.02673,0.00638,1.99685,1.60948,2.07643,2.32278,0,0.0002708,0.0002708,0.0002708
264,1373.69,1.51071,1.99757,1.36284,1.68961,0,0.39575,0.31818,0.2973,0.13553,0.11484,0.09091,0.03069,0.00676,2.00586,1.61422,2.08594,2.30677,0,0.0002642,0.0002642,0.0002642
265,1378.33,1.5616,2.01773,1.41371,1.74925,0,0.37017,0.31818,0.29435,0.13934,0.11479,0.06818,0.02899,0.00783,2.01663,1.62025,2.11278,2.33046,0,0.0002576,0.0002576,0.0002576
266,1383.1,1.54295,2.01454,1.38849,1.738,0,0.38705,0.25,0.25919,0.11625,0.08089,0.13636,0.03665,0.0105,2.01523,1.62874,2.13212,2.34792,0,0.000251,0.000251,0.000251
267,1387.84,1.49135,1.92393,1.34611,1.71849,0,0.38705,0.25,0.25919,0.11625,0.08089,0.13636,0.03665,0.0105,2.01523,1.62874,2.13212,2.34792,0,0.0002444,0.0002444,0.0002444
268,1392.53,1.51441,1.9605,1.44299,1.74914,0,0.34852,0.25,0.25296,0.1154,0.1026,0.09091,0.03996,0.01149,2.01648,1.62882,2.14875,2.35903,0,0.0002378,0.0002378,0.0002378
269,1397.26,1.58497,1.97465,1.404,1.78162,0,0.26048,0.34427,0.26645,0.1239,0.10451,0.13636,0.03778,0.01003,2.03375,1.63123,2.14822,2.37586,0,0.0002312,0.0002312,0.0002312
270,1402.09,1.55994,2.06563,1.36801,1.72321,0,0.24297,0.38636,0.27688,0.12461,0.12112,0.15909,0.03793,0.01005,2.07656,1.63083,2.15511,2.40022,0,0.0002246,0.0002246,0.0002246
271,1406.83,1.55111,1.97691,1.40307,1.76178,0,0.25036,0.36364,0.2629,0.12207,0.11744,0.15909,0.03636,0.01014,2.11082,1.62247,2.1881,2.40841,0,0.000218,0.000218,0.000218
272,1411.46,1.56245,2.11167,1.35156,1.72591,0,0.25036,0.36364,0.2629,0.12207,0.11744,0.15909,0.03636,0.01014,2.11082,1.62247,2.1881,2.40841,0,0.0002114,0.0002114,0.0002114
273,1416.27,1.55777,2.02562,1.46405,1.7749,0,0.2854,0.34091,0.25473,0.11959,0.09398,0.13636,0.03571,0.01113,2.15188,1.61523,2.19121,2.40931,0,0.0002048,0.0002048,0.0002048
274,1421.06,1.51596,1.9183,1.35401,1.70028,0,0.26451,0.31818,0.23937,0.11306,0.14358,0.13636,0.05235,0.01233,2.20162,1.61134,2.23496,2.44974,0,0.0001982,0.0001982,0.0001982
275,1425.73,1.61788,2.00314,1.46075,1.82736,0,0.29406,0.31818,0.24617,0.11634,0.08422,0.13636,0.05258,0.01432,2.22449,1.61447,2.21007,2.47335,0,0.0001916,0.0001916,0.0001916
276,1430.45,1.51515,1.95549,1.34119,1.68207,0,0.27855,0.35111,0.29782,0.13226,0.28347,0.06818,0.04472,0.01251,2.22909,1.6082,2.17558,2.47943,0,0.000185,0.000185,0.000185
277,1435.22,1.58939,1.9561,1.3568,1.77536,0,0.28449,0.34091,0.2908,0.1357,0.33338,0.06818,0.04751,0.0135,2.2283,1.60943,2.17649,2.47606,0,0.0001784,0.0001784,0.0001784
278,1439.91,1.57964,2.06304,1.40574,1.76858,0,0.28449,0.34091,0.2908,0.1357,0.33338,0.06818,0.04751,0.0135,2.2283,1.60943,2.17649,2.47606,0,0.0001718,0.0001718,0.0001718
279,1444.73,1.54901,1.97629,1.38908,1.71076,0,0.27275,0.34091,0.27348,0.12452,0.13952,0.09091,0.04442,0.01155,2.21751,1.61179,2.16346,2.47454,0,0.0001652,0.0001652,0.0001652
280,1449.52,1.52702,1.87352,1.33735,1.6625,0,0.26309,0.34091,0.29621,0.13634,0.11131,0.06818,0.03354,0.01238,2.23853,1.61301,2.13648,2.47845,0,0.0001586,0.0001586,0.0001586
281,1454.26,1.5403,1.8996,1.3569,1.69712,0,0.2457,0.36276,0.29638,0.13078,0.13285,0.11364,0.03837,0.01204,2.2453,1.61029,2.1134,2.49133,0,0.000152,0.000152,0.000152
282,1459.05,1.49862,1.98584,1.3657,1.70314,0,0.3025,0.29545,0.30721,0.14271,0.1171,0.11364,0.04249,0.01055,2.22902,1.60798,2.10923,2.47131,0,0.0001454,0.0001454,0.0001454
283,1463.72,1.55504,2.05557,1.39825,1.754,0,0.3025,0.29545,0.30721,0.14271,0.1171,0.11364,0.04249,0.01055,2.22902,1.60798,2.10923,2.47131,0,0.0001388,0.0001388,0.0001388
284,1468.38,1.59484,2.00023,1.38323,1.72942,0,0.34738,0.32675,0.31271,0.14918,0.1198,0.13636,0.04731,0.01216,2.19563,1.61738,2.11053,2.46353,0,0.0001322,0.0001322,0.0001322
285,1473.43,1.52399,1.94067,1.35027,1.6924,0,0.35517,0.33804,0.32305,0.15331,0.15421,0.15909,0.05138,0.01145,2.1765,1.62001,2.10458,2.46127,0,0.0001256,0.0001256,0.0001256
286,1477.71,1.7189,1.82043,1.72379,1.95026,0,0.32987,0.33572,0.32371,0.15385,0.12676,0.15909,0.04236,0.00947,2.18363,1.62216,2.13779,2.45934,0,0.000119,0.000119,0.000119
287,1481.99,1.63034,1.8472,1.70474,1.90403,0,0.36649,0.36364,0.33934,0.15814,0.10035,0.17247,0.03771,0.0083,2.16553,1.63926,2.19378,2.46135,0,0.0001124,0.0001124,0.0001124
288,1486.13,1.55176,1.77174,1.56497,1.86839,0,0.36649,0.36364,0.33934,0.15814,0.10035,0.17247,0.03771,0.0083,2.16553,1.63926,2.19378,2.46135,0,0.0001058,0.0001058,0.0001058
289,1490.23,1.57027,1.70447,1.56219,1.86428,0,0.3776,0.34091,0.30657,0.14234,0.08048,0.15909,0.03701,0.00859,2.1369,1.65399,2.1718,2.4549,0,9.92e-05,9.92e-05,9.92e-05
290,1494.32,1.63916,1.7491,1.52722,1.92424,0,0.34652,0.34091,0.30249,0.13741,0.11169,0.18182,0.04115,0.00813,2.12987,1.65865,2.14959,2.4568,0,9.26e-05,9.26e-05,9.26e-05
291,1498.34,1.55686,1.77561,1.48109,1.85846,0,0.29938,0.36364,0.3069,0.1432,0.12387,0.18182,0.04159,0.0088,2.12688,1.65278,2.12761,2.45263,0,8.6e-05,8.6e-05,8.6e-05
292,1502.4,1.57225,1.77774,1.44777,1.86132,0,0.27616,0.38636,0.29949,0.13888,0.12891,0.18182,0.03898,0.00817,2.11475,1.65093,2.12344,2.44027,0,7.94e-05,7.94e-05,7.94e-05
293,1506.66,1.6177,1.76857,1.47847,1.89528,0,0.25871,0.38636,0.30367,0.13832,0.11691,0.15909,0.03905,0.0082,2.08959,1.65574,2.11038,2.44649,0,7.28e-05,7.28e-05,7.28e-05
294,1510.88,1.56783,1.74978,1.48424,1.86325,0,0.25871,0.38636,0.30367,0.13832,0.11691,0.15909,0.03905,0.0082,2.08959,1.65574,2.11038,2.44649,0,6.62e-05,6.62e-05,6.62e-05
295,1514.97,1.5522,1.80617,1.49093,1.86571,0,0.27282,0.34091,0.2966,0.13972,0.12478,0.15909,0.04266,0.00905,2.10391,1.64896,2.1507,2.45353,0,5.96e-05,5.96e-05,5.96e-05
296,1519.18,1.63307,1.78177,1.53083,1.89045,0,0.24645,0.27273,0.30463,0.14063,0.11795,0.15909,0.04396,0.00935,2.09027,1.64204,2.16363,2.45306,0,5.3e-05,5.3e-05,5.3e-05
297,1523.3,1.60913,1.76037,1.50133,1.88405,0,0.27388,0.34091,0.293,0.13386,0.14056,0.15909,0.07586,0.01244,2.09976,1.63474,2.1781,2.4625,0,4.64e-05,4.64e-05,4.64e-05
298,1527.36,1.5657,1.73112,1.42321,1.8354,0,0.28533,0.29545,0.29718,0.13099,0.16614,0.18182,0.064,0.01151,2.10737,1.63134,2.19443,2.46285,0,3.98e-05,3.98e-05,3.98e-05
299,1531.34,1.55823,1.76136,1.45695,1.82466,0,0.28533,0.29545,0.29718,0.13099,0.16614,0.18182,0.064,0.01151,2.10737,1.63134,2.19443,2.46285,0,3.32e-05,3.32e-05,3.32e-05
300,1535.48,1.53674,1.72481,1.43817,1.83162,0,0.28424,0.29545,0.29541,0.12252,0.15061,0.16532,0.05896,0.01133,2.10404,1.63332,2.19925,2.45893,0,2.66e-05,2.66e-05,2.66e-05
