epoch,time,train_loss,val_dice,lr
1,5.6,2.06248,,1.518e-05
2,8.9,2.00539,,2.458e-05
3,12.2,1.8807,,3.978e-05
4,15.5,1.77719,,6.011e-05
5,19.9,1.68587,0.09833,8.467e-05
6,23.3,1.60851,,1.124e-04
7,26.7,1.54909,,1.420e-04
8,30.2,1.49989,,1.723e-04
9,33.8,1.43737,,2.018e-04
10,38.5,1.36207,0.29013,2.293e-04
11,42.3,1.29094,,2.536e-04
12,46.1,1.25924,,2.736e-04
13,50.0,1.19806,,2.884e-04
14,54.1,1.16166,,2.973e-04
15,59.4,1.10538,0.39892,3.000e-04
16,63.5,1.08805,,3.000e-04
17,67.6,1.06613,,3.000e-04
18,71.7,1.01273,,2.999e-04
19,75.8,0.98553,,2.998e-04
20,81.2,0.94491,0.45327,2.998e-04
21,85.2,0.92161,,2.997e-04
22,89.3,0.92542,,2.995e-04
23,93.5,0.9102,,2.994e-04
24,97.7,0.84895,,2.992e-04
25,103.6,0.83225,0.47772,2.991e-04
26,107.9,0.80557,,2.989e-04
27,112.1,0.78701,,2.987e-04
28,116.3,0.74482,,2.984e-04
29,120.5,0.70306,,2.982e-04
30,125.8,0.767,0.48070,2.979e-04
31,130.0,0.6956,,2.977e-04
32,134.3,0.69297,,2.974e-04
33,138.5,0.68614,,2.970e-04
34,142.7,0.67183,,2.967e-04
35,148.5,0.65979,0.50506,2.963e-04
36,152.7,0.5982,,2.960e-04
37,156.9,0.61809,,2.956e-04
38,161.2,0.61149,,2.952e-04
39,165.8,0.58181,,2.947e-04
40,171.4,0.58803,0.51015,2.943e-04
41,175.5,0.59365,,2.938e-04
42,179.6,0.58504,,2.934e-04
43,183.6,0.58382,,2.929e-04
44,187.8,0.55675,,2.924e-04
45,192.7,0.55538,0.48404,2.918e-04
46,196.9,0.55822,,2.913e-04
47,201.2,0.54625,,2.907e-04
48,205.7,0.50749,,2.901e-04
49,210.8,0.54796,,2.895e-04
50,217.3,0.51912,0.51937,2.889e-04
51,221.8,0.56222,,2.883e-04
52,226.6,0.50247,,2.876e-04
53,231.3,0.50757,,2.870e-04
54,235.8,0.51398,,2.863e-04
55,242.1,0.5204,0.52579,2.856e-04
56,246.9,0.54045,,2.849e-04
57,251.7,0.50558,,2.842e-04
58,256.9,0.50588,,2.834e-04
59,262.3,0.49526,,2.826e-04
60,269.4,0.48172,0.53028,2.819e-04
61,274.1,0.46723,,2.811e-04
62,278.7,0.48508,,2.803e-04
63,283.3,0.47885,,2.794e-04
64,287.9,0.50143,,2.786e-04
65,294.2,0.48398,0.54535,2.777e-04
66,299.1,0.48452,,2.768e-04
67,304.2,0.47399,,2.760e-04
68,309.3,0.46034,,2.751e-04
69,314.3,0.45955,,2.741e-04
70,320.4,0.46977,0.54382,2.732e-04
71,325.3,0.43804,,2.722e-04
72,330.4,0.45275,,2.713e-04
73,335.4,0.44492,,2.703e-04
74,340.5,0.44265,,2.693e-04
75,346.6,0.47163,0.35407,2.683e-04
76,352.0,0.42082,,2.673e-04
77,357.6,0.44751,,2.662e-04
78,363.1,0.45318,,2.652e-04
79,368.4,0.44604,,2.641e-04
80,374.5,0.41716,0.52450,2.630e-04
81,378.8,0.42872,,2.619e-04
82,383.7,0.43105,,2.608e-04
83,388.6,0.40311,,2.597e-04
84,393.6,0.42831,,2.586e-04
85,399.7,0.40213,0.46573,2.574e-04
86,405.0,0.43848,,2.563e-04
87,410.4,0.4742,,2.551e-04
88,415.8,0.4214,,2.539e-04
89,421.2,0.39289,,2.527e-04
90,427.6,0.3958,0.53166,2.515e-04
91,432.6,0.46752,,2.503e-04
92,439.7,0.4233,,2.490e-04
93,446.1,0.42784,,2.478e-04
94,452.6,0.38277,,2.465e-04
95,458.8,0.37812,0.54829,2.453e-04
96,463.5,0.39092,,2.440e-04
97,469.5,0.42232,,2.427e-04
98,475.7,0.41243,,2.414e-04
99,482.8,0.39505,,2.401e-04
100,489.5,0.37778,0.50311,2.387e-04
101,494.4,0.37527,,2.374e-04
102,499.9,0.37738,,2.360e-04
103,505.3,0.38495,,2.347e-04
104,510.7,0.39758,,2.333e-04
105,518.2,0.41203,0.54455,2.319e-04
106,525.7,0.41806,,2.305e-04
107,531.2,0.38492,,2.291e-04
108,536.0,0.37421,,2.277e-04
109,540.8,0.38145,,2.263e-04
110,546.3,0.38995,0.54064,2.249e-04
111,550.9,0.3818,,2.235e-04
112,555.8,0.39994,,2.220e-04
113,560.6,0.38065,,2.206e-04
114,564.7,0.37254,,2.191e-04
115,570.1,0.36133,0.55705,2.176e-04
116,575.1,0.37317,,2.161e-04
117,579.3,0.43326,,2.146e-04
118,583.7,0.41389,,2.132e-04
119,587.8,0.41988,,2.116e-04
120,593.0,0.38921,0.49670,2.101e-04
121,597.3,0.38027,,2.086e-04
122,601.4,0.38366,,2.071e-04
123,605.7,0.40216,,2.056e-04
124,610.0,0.35929,,2.040e-04
125,614.8,0.34716,0.55095,2.025e-04
126,618.9,0.36177,,2.009e-04
127,623.6,0.38598,,1.994e-04
128,627.8,0.37586,,1.978e-04
129,632.2,0.3726,,1.962e-04
130,637.7,0.37249,0.57066,1.947e-04
131,641.7,0.35842,,1.931e-04
132,645.8,0.34507,,1.915e-04
133,650.3,0.37984,,1.899e-04
134,654.5,0.38921,,1.883e-04
135,659.2,0.34841,0.54062,1.867e-04
136,663.2,0.35094,,1.851e-04
137,667.8,0.3554,,1.835e-04
138,671.9,0.33689,,1.819e-04
139,676.2,0.34102,,1.803e-04
140,681.3,0.34509,0.53335,1.786e-04
141,685.3,0.37497,,1.770e-04
142,689.4,0.3719,,1.754e-04
143,693.7,0.3615,,1.737e-04
144,697.8,0.34895,,1.721e-04
145,702.8,0.34696,0.53001,1.705e-04
146,706.8,0.33828,,1.688e-04
147,711.2,0.32167,,1.672e-04
148,715.3,0.32896,,1.656e-04
149,719.4,0.34853,,1.639e-04
150,724.4,0.30851,0.52453,1.623e-04
151,728.4,0.31006,,1.606e-04
152,732.8,0.33843,,1.590e-04
153,736.9,0.33084,,1.573e-04
154,741.0,0.31523,,1.557e-04
155,746.1,0.32602,0.49094,1.540e-04
156,750.4,0.32745,,1.524e-04
157,754.6,0.31047,,1.507e-04
158,758.8,0.31819,,1.490e-04
159,763.0,0.34252,,1.474e-04
160,768.0,0.32896,0.49583,1.457e-04
161,772.3,0.32844,,1.441e-04
162,776.5,0.34597,,1.424e-04
163,780.6,0.32915,,1.408e-04
164,784.7,0.31399,,1.391e-04
165,789.5,0.30827,0.55984,1.375e-04
166,793.6,0.30561,,1.358e-04
167,798.1,0.30238,,1.342e-04
168,802.5,0.30277,,1.326e-04
169,806.5,0.29844,,1.309e-04
170,811.4,0.30344,0.54422,1.293e-04
171,815.4,0.29067,,1.276e-04
172,819.6,0.29467,,1.260e-04
173,824.1,0.29229,,1.244e-04
174,828.2,0.30119,,1.227e-04
175,833.0,0.29832,0.55535,1.211e-04
176,837.1,0.30249,,1.195e-04
177,841.3,0.28486,,1.179e-04
178,845.9,0.29776,,1.163e-04
179,850.0,0.28873,,1.147e-04
180,854.8,0.28266,0.55169,1.131e-04
181,858.8,0.29441,,1.115e-04
182,863.5,0.28371,,1.099e-04
183,867.6,0.3018,,1.083e-04
184,871.7,0.27857,,1.067e-04
185,876.8,0.28505,0.57793,1.051e-04
186,880.8,0.26632,,1.035e-04
187,885.1,0.30128,,1.020e-04
188,889.2,0.28685,,1.004e-04
189,893.4,0.27905,,9.884e-05
190,898.2,0.30153,0.53300,9.729e-05
191,902.2,0.28821,,9.574e-05
192,906.6,0.30179,,9.420e-05
193,910.7,0.27711,,9.267e-05
194,914.8,0.26705,,9.115e-05
195,919.9,0.26284,0.55030,8.963e-05
196,923.9,0.28482,,8.812e-05
197,928.3,0.28079,,8.662e-05
198,932.4,0.26472,,8.512e-05
199,936.5,0.2702,,8.364e-05
200,941.3,0.26434,0.55798,8.216e-05
201,945.7,0.29237,,8.069e-05
202,950.0,0.25642,,7.922e-05
203,954.0,0.27568,,7.777e-05
204,958.4,0.27037,,7.633e-05
205,963.4,0.25804,0.57243,7.489e-05
206,967.4,0.24121,,7.346e-05
207,971.6,0.25883,,7.205e-05
208,976.2,0.25541,,7.064e-05
209,980.2,0.25869,,6.924e-05
210,985.0,0.24094,0.55796,6.785e-05
211,989.3,0.25004,,6.647e-05
212,993.5,0.25171,,6.511e-05
213,997.8,0.25792,,6.375e-05
214,1002.0,0.24479,,6.240e-05
215,1006.9,0.24727,0.52025,6.106e-05
216,1011.2,0.25097,,5.974e-05
217,1015.3,0.25237,,5.842e-05
218,1019.3,0.25105,,5.712e-05
219,1024.0,0.24397,,5.583e-05
220,1028.7,0.24229,0.54423,5.454e-05
221,1032.8,0.24641,,5.327e-05
222,1037.2,0.23813,,5.202e-05
223,1041.3,0.24068,,5.077e-05
224,1045.4,0.23715,,4.954e-05
225,1050.2,0.25431,0.55680,4.832e-05
226,1054.5,0.24925,,4.711e-05
227,1058.8,0.23508,,4.591e-05
228,1063.1,0.25635,,4.472e-05
229,1067.3,0.23641,,4.355e-05
230,1072.3,0.25137,0.56508,4.240e-05
231,1076.3,0.23634,,4.125e-05
232,1080.7,0.22807,,4.012e-05
233,1084.8,0.25323,,3.900e-05
234,1088.9,0.24014,,3.789e-05
235,1093.6,0.24713,0.54195,3.680e-05
236,1097.8,0.23397,,3.572e-05
237,1102.1,0.25778,,3.466e-05
238,1106.2,0.23692,,3.361e-05
239,1110.8,0.23035,,3.257e-05
240,1115.7,0.23309,0.55453,3.155e-05
241,1119.7,0.22914,,3.054e-05
242,1124.0,0.23338,,2.955e-05
243,1128.5,0.23449,,2.857e-05
244,1132.6,0.2319,,2.761e-05
245,1137.3,0.22088,0.55012,2.666e-05
246,1141.3,0.22361,,2.573e-05
247,1145.5,0.22663,,2.481e-05
248,1150.0,0.2316,,2.391e-05
249,1154.6,0.23305,,2.302e-05
250,1159.5,0.23235,0.56276,2.215e-05
251,1163.5,0.22836,,2.129e-05
252,1167.6,0.22225,,2.045e-05
253,1172.0,0.24037,,1.962e-05
254,1176.2,0.23185,,1.881e-05
255,1181.0,0.23217,0.55887,1.802e-05
256,1185.1,0.24147,,1.724e-05
257,1189.7,0.21936,,1.648e-05
258,1194.2,0.22566,,1.573e-05
259,1198.3,0.22853,,1.501e-05
260,1203.0,0.23939,0.55472,1.429e-05
261,1207.0,0.22189,,1.360e-05
262,1211.1,0.21869,,1.292e-05
263,1215.4,0.21073,,1.225e-05
264,1220.2,0.21171,,1.161e-05
265,1225.3,0.21972,0.54884,1.098e-05
266,1229.3,0.25176,,1.037e-05
267,1233.4,0.22668,,9.771e-06
268,1237.5,0.22904,,9.193e-06
269,1241.5,0.23014,,8.631e-06
270,1246.2,0.22089,0.54280,8.087e-06
271,1250.2,0.22094,,7.560e-06
272,1254.2,0.22521,,7.051e-06
273,1258.3,0.22174,,6.559e-06
274,1262.3,0.22157,,6.084e-06
275,1267.0,0.2158,0.55931,5.626e-06
276,1271.0,0.2176,,5.187e-06
277,1275.0,0.20961,,4.764e-06
278,1279.0,0.21374,,4.360e-06
279,1283.0,0.21259,,3.973e-06
280,1287.6,0.22609,0.54638,3.604e-06
281,1291.6,0.22142,,3.253e-06
282,1295.6,0.22521,,2.919e-06
283,1299.6,0.21588,,2.604e-06
284,1303.6,0.21548,,2.306e-06
285,1308.3,0.21354,0.55588,2.026e-06
286,1312.2,0.20255,,1.764e-06
287,1316.2,0.21553,,1.521e-06
288,1320.2,0.22237,,1.295e-06
289,1324.3,0.22646,,1.087e-06
290,1329.0,0.21344,0.55377,8.977e-07
291,1333.0,0.20906,,7.262e-07
292,1337.0,0.21528,,5.729e-07
293,1341.0,0.22893,,4.378e-07
294,1345.0,0.21129,,3.208e-07
295,1349.7,0.20766,0.55322,2.220e-07
296,1353.7,0.22254,,1.414e-07
297,1357.7,0.20746,,7.906e-08
298,1361.8,0.21982,,3.490e-08
299,1365.8,0.20418,,8.965e-09
300,1370.5,0.21721,0.55568,1.254e-09
